year_ID,player_ID,name_common,age,team_ID,lg_ID,G,PA,AB,R,H,2B,3B,HR,RBI,SB,CS,BB,SO,batting_avg,onbase_perc,slugging_perc,onbase_plus_slugging,onbase_plus_slugging_plus,TB,GIDP,HBP,SH,SF,IBB,pos_summary
1976,aaronha01,Hank Aaron,42,MIL,AL,85,308,271,22,62,8,0,10,35,0,1,35,38,.229,.315,.369,.684,102,100,8,0,0,2,1,D/7
1976,adamsgl01,Glenn Adams,28,SFG,NL,69,75,74,2,18,4,0,0,3,1,0,1,12,.243,.253,.297,.551,55,22,4,0,0,0,0,/79
1976,adamsmi02,Mike Adams,27,CHC,NL,25,38,29,1,4,2,0,0,2,0,0,8,7,.138,.342,.207,.549,54,6,0,1,0,0,0,/5794
1976,alburvi01,Vic Albury,29,MIN,AL,1,0,0,0,0,0,0,0,0,0,0,0,0,,,,,,0,0,0,0,0,0,1
1976,alcalsa01,Santo Alcala,23,CIN,NL,30,50,43,5,6,1,0,0,2,0,0,2,26,.140,.178,.163,.341,-3,7,0,0,5,0,0,1
1976,alexaga01,Gary Alexander,23,SFG,NL,23,84,73,12,13,1,1,2,7,1,0,10,16,.178,.274,.301,.575,62,22,1,0,0,1,1,2
1976,alexama01,Matt Alexander,29,OAK,AL,61,30,30,16,1,0,0,0,0,20,7,0,5,.033,.033,.033,.067,-80,1,0,0,0,0,0,D9/87
1976,allendi01,Dick Allen,34,PHI,NL,85,339,298,52,80,16,1,15,49,11,4,37,63,.268,.346,.480,.826,130,143,13,0,1,3,2,3
1976,almonbi01,Bill Almon,23,SDP,NL,14,60,57,6,14,3,0,1,6,3,1,2,9,.246,.271,.351,.622,82,20,0,0,1,0,0,6
1976,alomasa01,Sandy Alomar,32,NYY,AL,67,178,163,20,39,4,0,1,10,12,7,13,12,.239,.295,.282,.578,71,46,2,0,2,0,0,4/D6539
1976,alvarlu01,Luis Alvarado,27,STL,NL,16,45,42,5,12,1,0,0,3,0,0,3,6,.286,.333,.310,.643,83,13,0,0,0,0,1,4
1976,alvaror01,Orlando Alvarez,24,CAL,AL,15,42,42,4,7,1,0,2,8,0,0,0,3,.167,.167,.333,.500,49,14,0,0,0,0,0,7/D
1976,andermi01,Mike Anderson,25,STL,NL,86,230,199,17,58,8,1,1,12,1,1,26,30,.291,.371,.357,.728,107,71,5,1,1,3,4,97/38
1976,andrefr01,Fred Andrews,24,PHI,NL,4,9,6,1,4,0,0,0,0,1,1,2,0,.667,.778,.667,1.444,309,4,0,1,0,0,0,/4
1976,andrero01,Rob Andrews,23,HOU,NL,109,449,410,42,105,8,5,0,23,7,3,33,27,.256,.312,.300,.612,82,123,16,0,5,0,1,4/6
1976,andujjo01,Joaquin Andujar,23,HOU,NL,28,61,57,4,8,1,0,0,1,0,0,2,29,.140,.169,.158,.327,-3,9,0,0,2,0,0,1
1976,apodabo01,Bob Apodaca,26,NYM,NL,43,18,16,0,2,1,0,0,0,0,0,1,3,.125,.176,.188,.364,7,3,2,0,1,0,0,1
1976,armasto01,Tony Armas,22,PIT,NL,4,6,6,0,2,0,0,0,1,0,0,0,2,.333,.333,.333,.667,90,2,0,0,0,0,0,/87
1976,armbred01,Ed Armbrister,27,CIN,NL,73,90,78,20,23,3,2,2,7,7,3,6,22,.295,.341,.462,.803,125,36,0,0,5,1,0,79
1976,arnolch01,Chris Arnold,28,SFG,NL,60,76,69,4,15,0,1,0,5,0,0,6,16,.217,.276,.246,.523,49,17,4,0,0,1,1,/4536
1976,ashbyal01,Alan Ashby,24,CLE,AL,89,283,247,26,59,5,1,4,32,0,2,27,49,.239,.310,.316,.626,86,78,6,0,6,3,4,2/35
1976,ashfotu01,Tucker Ashford,21,SDP,NL,4,6,5,0,3,1,0,0,0,2,0,1,0,.600,.667,.800,1.467,331,4,0,0,0,0,0,/5
1976,asselbr01,Brian Asselstine,22,ATL,NL,11,36,33,2,7,0,0,1,3,0,0,1,2,.212,.229,.303,.532,47,10,0,0,1,1,0,/89
1976,atkinbi01,Bill Atkinson,21,MON,NL,4,0,0,0,0,0,0,0,0,0,0,0,0,,,,,,0,0,0,0,0,0,/1
1976,auerbri01,Rick Auerbach,26,LAD,NL,36,53,47,7,6,0,0,0,1,0,1,6,6,.128,.226,.128,.354,4,6,3,0,0,0,0,6/54
1976,aultdo01,Doug Ault,26,TEX,AL,9,21,20,0,6,1,0,0,0,0,0,1,3,.300,.333,.350,.683,99,7,0,0,0,0,0,/3D
1976,autryal01,Al Autry,24,ATL,NL,1,2,2,0,0,0,0,0,0,0,0,0,1,.000,.000,.000,.000,-100,0,0,0,0,0,0,/1
1976,ayalabe01,Benny Ayala,25,NYM,NL,22,28,26,2,3,0,0,1,2,0,1,2,6,.115,.179,.231,.409,20,6,0,0,0,0,0,/97
1976,bahnsst01,Stan Bahnsen,31,OAK,AL,1,0,0,0,0,0,0,0,0,0,0,0,0,,,,,,0,0,0,0,0,0,1
1976,bailebo01,Bob Bailey,33,CIN,NL,69,141,124,17,37,6,1,6,23,0,0,16,26,.298,.376,.508,.884,148,63,7,0,0,1,1,75
1976,bailobo01,Bob Bailor,24,BAL,AL,9,7,6,2,2,0,1,0,0,0,1,0,0,.333,.333,.667,1.000,197,4,0,0,1,0,0,/D6
1976,bairdo01,Doug Bair,26,PIT,NL,4,0,0,0,0,0,0,0,0,0,0,0,0,,,,,,0,0,0,0,0,0,/1
1976,bakerdu01,Dusty Baker,27,LAD,NL,112,421,384,36,93,13,0,4,39,2,4,31,54,.242,.298,.307,.605,74,118,15,1,1,4,3,89
1976,bakerja01,Jack Baker,26,BOS,AL,12,25,23,1,3,0,0,1,2,0,0,1,5,.130,.160,.261,.421,16,6,1,0,0,1,0,/3D
1976,baldwbi01,Billy Baldwin,28,NYM,NL,9,24,22,4,6,1,1,1,5,0,0,1,2,.273,.292,.545,.837,142,12,0,0,0,1,0,/79
1976,baldwri01,Rick Baldwin,23,NYM,NL,11,3,3,0,1,0,0,0,0,0,0,0,2,.333,.333,.333,.667,96,1,0,0,0,0,0,1
1976,bandosa01,Sal Bando,32,OAK,AL,158,640,550,75,132,18,2,27,84,20,6,76,74,.240,.335,.427,.762,128,235,7,4,7,3,1,*5/6D
1976,baneed01,Eddie Bane,24,MIN,AL,1,0,0,0,0,0,0,0,0,0,0,0,0,,,,,,0,0,0,0,0,0,1
1976,bannial01,Alan Bannister,24,CHW,AL,73,165,145,19,36,6,2,0,8,12,4,14,21,.248,.317,.317,.634,86,46,0,1,4,1,1,768/D495
1976,barlomi01,Mike Barlow,28,HOU,NL,16,3,3,0,0,0,0,0,0,0,0,0,1,.000,.000,.000,.000,-100,0,1,0,0,0,0,1
1976,barrji01,Jim Barr,28,SFG,NL,41,92,74,3,12,2,2,0,9,2,0,4,21,.162,.213,.243,.456,28,18,0,1,12,1,0,1
1976,baylodo01,Don Baylor,27,OAK,AL,157,685,595,85,147,25,1,15,68,52,12,58,72,.247,.329,.368,.697,109,219,11,20,1,11,4,397D/8
1976,beardmi01,Mike Beard,26,ATL,NL,30,1,1,0,0,0,0,0,0,0,0,0,1,.000,.000,.000,.000,-100,0,0,0,0,0,0,1
1976,belanma01,Mark Belanger,32,BAL,AL,153,589,522,66,141,22,2,1,40,27,17,51,64,.270,.336,.326,.661,100,170,6,2,11,3,0,*6
1976,bellbu01,Buddy Bell,24,CLE,AL,159,661,604,75,170,26,2,7,60,3,8,44,49,.281,.329,.366,.695,106,221,12,2,5,6,3,*5/3
1976,bellke01,Kevin Bell,20,CHW,AL,68,257,230,24,57,7,6,5,20,2,1,18,56,.248,.302,.396,.697,103,91,3,1,6,3,0,5/D
1976,belloro01,Rob Belloir,27,ATL,NL,30,69,60,5,12,2,0,0,4,0,0,5,7,.200,.262,.233,.495,38,14,0,0,4,0,1,65/4
1976,benchjo01,Johnny Bench,28,CIN,NL,135,552,465,62,109,24,1,16,74,13,2,81,95,.234,.348,.394,.741,109,183,9,2,0,4,6,*2/73
1976,beniqju01,Juan Beniquez,26,TEX,AL,145,526,478,49,122,14,4,0,33,17,6,39,56,.255,.315,.301,.616,80,144,10,3,5,1,1,*8/4
1976,bernhju01,Juan Bernhardt,22,NYY,AL,10,21,21,1,4,1,0,0,1,0,0,0,4,.190,.190,.238,.429,26,5,0,0,0,0,0,/9D57
1976,bevacku01,Kurt Bevacqua,29,MIL,AL,12,7,7,3,1,0,0,0,0,0,0,0,0,.143,.143,.143,.286,-15,1,0,0,0,0,0,/D4
1976,biittla01,Larry Biittner,29,TOT,NL,89,237,224,23,53,14,1,0,18,0,2,10,9,.237,.272,.308,.580,60,69,6,1,2,0,3,37/9
1976,biittla01,Larry Biittner,29,MON,NL,11,32,32,2,6,1,0,0,1,0,0,0,3,.188,.188,.219,.406,13,7,2,0,0,0,0,/97
1976,biittla01,Larry Biittner,29,CHC,NL,78,205,192,21,47,13,1,0,17,0,2,10,6,.245,.286,.323,.609,68,62,4,1,2,0,3,37/9
1976,billija01,Jack Billingham,33,CIN,NL,34,70,59,4,14,3,0,0,4,0,0,3,12,.237,.274,.288,.562,59,17,1,0,8,0,0,1
1976,blackti01,Tim Blackwell,23,PHI,NL,4,8,8,0,2,0,0,0,1,0,0,0,1,.250,.250,.250,.500,41,2,0,0,0,0,0,/2
1976,blairde01,Dennis Blair,22,MON,NL,5,4,4,0,0,0,0,0,0,0,0,0,2,.000,.000,.000,.000,-100,0,1,0,0,0,0,/1
1976,blairpa01,Paul Blair,32,BAL,AL,145,413,375,29,74,16,0,3,16,15,6,22,49,.197,.245,.264,.509,54,99,14,2,13,1,2,*8
1976,blankla01,Larvell Blanks,26,CLE,AL,104,371,328,45,92,8,7,5,41,1,2,30,31,.280,.337,.393,.730,116,129,15,0,9,4,0,64/D5
1976,blombro01,Ron Blomberg,27,NYY,AL,1,2,2,0,0,0,0,0,0,0,0,0,0,.000,.000,.000,.000,-100,0,0,0,0,0,0,/D
1976,bochtbr01,Bruce Bochte,25,CAL,AL,146,543,466,53,120,17,1,2,49,4,5,64,53,.258,.346,.311,.658,100,145,12,2,6,5,11,739/D
1976,boiscbr01,Bruce Boisclair,23,NYM,NL,110,320,286,42,82,13,3,2,13,9,5,28,55,.287,.350,.374,.724,113,107,3,0,6,0,5,879
1976,bondsbo01,Bobby Bonds,30,CAL,AL,99,427,378,48,100,10,3,10,54,30,15,41,90,.265,.337,.386,.723,119,146,7,3,0,5,6,9/8D
1976,bonhabi01,Bill Bonham,27,CHC,NL,32,74,65,6,13,4,0,0,2,0,0,2,15,.200,.224,.262,.485,34,17,1,0,7,0,0,1
1976,boonebo01,Bob Boone,28,PHI,NL,121,418,361,40,98,18,2,4,54,2,5,45,44,.271,.348,.366,.713,101,132,10,1,4,7,14,2/3
1976,borbope01,Pedro Borbon,29,CIN,NL,69,20,18,2,4,0,0,0,0,0,0,0,4,.222,.222,.222,.444,26,4,0,0,2,0,0,1
1976,borgmgl01,Glenn Borgmann,26,MIN,AL,24,85,65,10,16,3,0,1,6,1,1,19,7,.246,.417,.338,.755,121,22,2,0,1,0,0,2
1976,bosetri01,Rick Bosetti,22,PHI,NL,13,20,18,6,5,1,0,0,0,3,0,1,3,.278,.316,.333,.649,83,6,1,0,1,0,0,/879
1976,bostoly01,Lyman Bostock,25,MIN,AL,128,517,474,75,153,21,9,4,60,12,6,33,37,.323,.364,.430,.794,130,204,15,1,3,6,5,*8/9
1976,bosweke01,Ken Boswell,30,HOU,NL,91,137,126,12,33,8,1,0,18,1,0,8,8,.262,.301,.341,.643,90,43,8,0,1,2,2,5/47
1976,bowala01,Larry Bowa,30,PHI,NL,156,672,624,71,155,15,9,0,49,30,8,32,31,.248,.283,.301,.584,64,188,11,0,11,5,3,*6
1976,bowlist01,Steve Bowling,24,MIL,AL,14,44,42,4,7,2,0,0,2,0,0,2,5,.167,.205,.214,.419,24,9,0,0,0,0,0,8/D
1976,bradfbu01,Buddy Bradford,31,CHW,AL,55,184,160,20,35,5,2,4,14,6,0,19,37,.219,.309,.350,.659,93,56,0,2,2,0,2,9/D87
1976,braunst01,Steve Braun,28,MIN,AL,122,491,417,73,120,12,3,3,61,12,4,67,43,.288,.384,.353,.737,115,147,5,1,2,4,2,D75/9
1976,brettge01,George Brett,23,KCR,AL,159,705,645,94,215,34,14,7,67,21,11,49,36,.333,.377,.462,.839,144,298,8,1,2,8,4,*5/6
1976,brettke01,Ken Brett,27,TOT,AL,8,12,12,0,1,0,0,0,0,0,0,0,1,.083,.083,.083,.167,-51,1,1,0,0,0,0,1
1976,brettke01,Ken Brett,27,CHW,AL,8,12,12,0,1,0,0,0,0,0,0,0,1,.083,.083,.083,.167,-51,1,1,0,0,0,0,1
1976,briggda01,Dan Briggs,23,CAL,AL,77,266,248,19,53,13,2,1,14,0,3,13,47,.214,.254,.294,.548,66,73,7,1,2,2,3,38/97D
1976,brocklo01,Lou Brock,37,STL,NL,133,544,498,73,150,24,5,4,67,56,19,35,75,.301,.344,.394,.738,109,196,19,1,4,6,7,*7
1976,brohaja01,Jack Brohamer,26,CHW,AL,119,414,354,33,89,12,2,7,40,1,3,44,28,.251,.333,.356,.688,102,126,9,3,6,8,9,*4/5
1976,brownle02,Leon Brown,27,NYM,NL,64,74,70,11,15,3,0,0,2,2,4,4,4,.214,.257,.257,.514,51,18,3,0,0,0,0,8/79
1976,brownol02,Ollie Brown,32,PHI,NL,92,247,209,30,53,10,1,5,30,2,1,33,33,.254,.350,.383,.732,106,80,1,0,1,4,5,97
1976,bryest01,Steve Brye,27,MIN,AL,87,279,258,33,68,11,0,2,23,1,2,13,31,.264,.295,.329,.624,81,85,7,0,4,4,0,897/D
1976,bucknbi01,Bill Buckner,26,LAD,NL,154,680,642,76,193,28,4,7,60,28,9,26,26,.301,.326,.389,.716,105,250,8,1,6,5,6,*7/93
1976,bumbral01,Al Bumbry,29,BAL,AL,133,499,450,71,113,15,7,9,36,42,10,43,76,.251,.316,.376,.691,108,169,7,1,2,3,2,*78D
1976,burgmto01,Tom Burgmeier,32,MIN,AL,1,0,0,0,0,0,0,0,0,0,0,0,0,,,,,,0,0,0,0,0,0,1
1976,burkegl01,Glenn Burke,23,LAD,NL,25,51,46,9,11,2,0,0,5,3,2,3,8,.239,.300,.283,.583,68,13,1,1,1,0,0,8/7
1976,burleri01,Rick Burleson,25,BOS,AL,152,616,540,75,157,27,1,7,42,14,9,60,37,.291,.365,.383,.748,109,207,15,5,8,3,2,*6
1976,burrira01,Ray Burris,25,CHC,NL,39,91,81,4,9,0,0,0,1,0,0,1,28,.111,.120,.111,.232,-36,9,1,0,8,1,0,1
1976,burroje01,Jeff Burroughs,25,TEX,AL,158,681,604,71,143,22,2,18,86,0,0,69,93,.237,.315,.369,.684,99,223,22,2,2,4,4,*9/D
1976,cabelen01,Enos Cabell,26,HOU,NL,144,622,586,85,160,13,7,2,43,35,8,29,79,.273,.309,.329,.638,89,193,13,2,3,2,1,*5/3
1976,caldwmi01,Mike Caldwell,27,SFG,NL,50,20,19,1,3,1,0,0,0,0,0,0,4,.158,.158,.211,.368,3,4,0,0,1,0,0,1
1976,campri01,Rick Camp,23,ATL,NL,5,2,2,0,0,0,0,0,0,0,0,0,1,.000,.000,.000,.000,-100,0,0,0,0,0,0,/1
1976,campabe01,Bert Campaneris,34,OAK,AL,149,631,536,67,137,14,1,1,52,54,12,63,80,.256,.331,.291,.622,88,156,4,3,18,11,0,*6
1976,campbbi02,Bill Campbell,27,MIN,AL,3,0,0,0,0,0,0,0,0,0,0,0,0,,,,,,0,0,0,0,0,0,1
1976,candejo01,John Candelaria,22,PIT,NL,32,88,76,5,14,2,1,0,5,0,0,7,17,.184,.253,.237,.490,40,18,4,0,5,0,0,1
1976,capildo01,Doug Capilla,24,STL,NL,7,0,0,0,0,0,0,0,0,0,0,0,0,,,,,,0,0,0,0,0,0,/1
1976,caprabu01,Buzz Capra,28,ATL,NL,5,0,0,0,0,0,0,0,0,0,0,0,0,,,,,,0,0,0,0,0,0,/1
1976,carbobe01,Bernie Carbo,28,TOT,AL,86,282,238,25,56,11,0,5,21,2,2,41,72,.235,.348,.345,.692,103,82,5,0,3,0,4,D9/7
1976,carbobe01,Bernie Carbo,28,BOS,AL,17,63,55,5,13,4,0,2,6,1,0,8,17,.236,.333,.418,.752,109,23,0,0,0,0,1,D/7
1976,carbobe01,Bernie Carbo,28,MIL,AL,69,219,183,20,43,7,0,3,15,1,2,33,55,.235,.352,.322,.674,101,59,5,0,3,0,3,9D/7
1976,cardejo02,Jose Cardenal,32,CHC,NL,136,560,521,64,156,25,2,8,47,23,14,32,39,.299,.339,.401,.740,104,209,5,1,3,3,0,*7/9
1976,carewro01,Rod Carew,30,MIN,AL,156,687,605,97,200,29,12,9,90,49,22,67,52,.331,.395,.463,.858,148,280,12,1,8,6,14,*3/4
1976,carltst01,Steve Carlton,31,PHI,NL,35,103,92,5,20,1,0,0,6,0,0,1,24,.217,.242,.228,.470,33,21,1,2,7,0,0,1
1976,carrido01,Don Carrithers,26,MON,NL,35,40,37,1,4,0,1,0,0,0,0,0,13,.108,.108,.162,.270,-25,6,1,0,3,0,0,1
1976,cartega01,Gary Carter,22,MON,NL,91,347,311,31,68,8,1,6,38,0,2,30,43,.219,.287,.309,.596,66,96,7,1,2,3,2,29/7
1976,cartyri01,Rico Carty,36,CLE,AL,152,628,552,67,171,34,0,13,83,1,1,67,45,.310,.379,.442,.821,143,244,18,0,0,9,9,*D3/7
1976,cashda01,Dave Cash,28,PHI,NL,160,727,666,92,189,14,12,1,56,10,12,54,13,.284,.337,.345,.683,92,230,16,2,1,4,3,*4
1976,cedence01,Cesar Cedeno,25,HOU,NL,150,635,575,89,171,26,5,18,83,58,15,55,51,.297,.357,.454,.811,139,261,16,1,0,4,9,*8
1976,ceronri01,Rick Cerone,22,CLE,AL,7,16,16,1,2,0,0,0,1,0,0,0,2,.125,.125,.125,.250,-26,2,0,0,0,0,0,/2D
1976,ceyro01,Ron Cey,28,LAD,NL,145,600,502,69,139,18,3,23,80,0,4,89,74,.277,.386,.462,.848,143,232,11,3,2,4,13,*5
1976,chalkda01,Dave Chalk,25,CAL,AL,142,512,438,39,95,14,1,0,33,0,0,49,62,.217,.308,.253,.561,72,111,16,10,12,3,3,65
1976,chambch01,Chris Chambliss,27,NYY,AL,156,676,641,79,188,32,6,17,96,1,0,27,80,.293,.323,.441,.765,124,283,11,3,1,3,1,*3/D
1976,champmi01,Mike Champion,21,SDP,NL,11,40,38,4,9,2,0,1,2,0,0,1,3,.237,.256,.368,.625,83,14,1,0,1,0,0,4
1976,chaneda01,Darrel Chaney,28,ATL,NL,153,564,496,42,125,20,8,1,50,5,7,54,92,.252,.324,.331,.654,82,164,9,1,8,5,7,*6/45
1976,chantch01,Charlie Chant,24,STL,NL,15,14,14,0,2,0,0,0,0,0,0,0,4,.143,.143,.143,.286,-19,2,0,0,0,0,0,/798
1976,chileri01,Rich Chiles,26,HOU,NL,5,4,4,1,2,1,0,0,0,0,0,0,0,.500,.500,.750,1.250,267,3,0,0,0,0,0,/7
1976,chrisla01,Larry Christenson,22,PHI,NL,32,60,51,5,10,4,0,2,9,0,0,3,28,.196,.241,.392,.633,76,20,0,0,6,0,0,1
1976,claredo01,Doug Clarey,22,STL,NL,9,4,4,2,1,0,0,1,2,0,0,0,1,.250,.250,1.000,1.250,242,4,0,0,0,0,0,/4
1976,clarkja01,Jack Clark,20,SFG,NL,26,115,102,14,23,6,2,2,10,6,2,8,18,.225,.277,.382,.659,85,39,0,0,3,2,0,8/97
1976,clinege01,Gene Clines,29,TEX,AL,116,480,446,52,123,12,3,0,38,11,9,16,52,.276,.304,.316,.620,81,141,17,4,10,4,0,7D/89
1976,coggiri01,Rich Coggins,25,TOT,AL,39,108,100,5,16,2,0,0,6,4,1,6,16,.160,.208,.180,.388,14,18,1,0,2,0,0,9/78D
1976,coggiri01,Rich Coggins,25,NYY,AL,7,4,4,1,1,0,0,0,1,1,0,0,1,.250,.250,.250,.500,48,1,0,0,0,0,0,/8D9
1976,coggiri01,Rich Coggins,25,CHW,AL,32,104,96,4,15,2,0,0,5,3,1,6,15,.156,.206,.177,.383,13,17,1,0,2,0,0,9/78
1976,colbena01,Nate Colbert,30,TOT,MLB,16,55,45,5,8,2,0,2,6,3,1,10,19,.178,.327,.356,.683,92,16,0,0,0,0,2,/73D
1976,colbena01,Nate Colbert,30,MON,NL,14,49,40,5,8,2,0,2,6,3,1,9,16,.200,.347,.400,.747,108,16,0,0,0,0,1,/73
1976,colbena01,Nate Colbert,30,OAK,AL,2,6,5,0,0,0,0,0,0,0,0,1,3,.000,.167,.000,.167,-47,0,0,0,0,0,1,/D
1976,colemjo05,Joe Coleman,29,TOT,MLB,39,13,13,0,2,0,0,0,0,0,0,0,4,.154,.154,.154,.308,-15,2,0,0,0,0,0,1
1976,colemjo05,Joe Coleman,29,CHC,NL,39,13,13,0,2,0,0,0,0,0,0,0,4,.154,.154,.154,.308,-15,2,0,0,0,0,0,1
1976,collida02,Dave Collins,23,CAL,AL,99,413,365,45,96,12,1,4,28,32,19,40,55,.263,.335,.334,.669,103,122,2,0,7,1,2,7D8
1976,conceda01,Dave Concepcion,28,CIN,NL,152,636,576,74,162,28,7,9,69,21,10,49,68,.281,.335,.401,.736,107,231,11,1,4,6,11,*6
1976,coopece01,Cecil Cooper,26,BOS,AL,123,483,451,66,127,22,6,15,78,7,1,16,62,.282,.304,.457,.761,110,206,3,1,9,6,6,3D
1976,correvi01,Vic Correll,30,ATL,NL,69,224,200,26,45,6,2,5,16,0,1,21,37,.225,.302,.350,.652,81,70,7,1,2,0,5,2
1976,cosgrmi01,Mike Cosgrove,25,HOU,NL,22,30,23,1,2,0,0,0,1,0,0,2,6,.087,.160,.087,.247,-25,2,0,0,5,0,0,1
1976,cowenal01,Al Cowens,24,KCR,AL,152,616,581,71,154,23,6,3,59,23,16,26,50,.265,.298,.341,.639,86,198,9,3,2,4,0,*98/D
1976,coxji01,Jim Cox,26,MON,NL,13,31,29,2,5,0,1,0,2,0,0,2,2,.172,.226,.241,.467,30,7,1,0,0,0,0,4
1976,crawfwi01,Willie Crawford,29,STL,NL,120,438,392,49,119,17,5,9,50,2,1,37,53,.304,.360,.441,.801,126,173,10,1,2,6,6,9/7
1976,cromawa01,Warren Cromartie,22,MON,NL,33,82,81,8,17,1,0,0,2,1,2,1,5,.210,.220,.222,.442,24,18,2,0,0,0,0,9/7
1976,crosbed01,Ed Crosby,27,CLE,AL,2,2,2,0,1,0,0,0,0,0,0,0,0,.500,.500,.500,1.000,197,1,0,0,0,0,0,/5D
1976,crosbke01,Ken Crosby,28,CHC,NL,7,2,2,0,1,0,0,0,0,0,0,0,0,.500,.500,.500,1.000,176,1,0,0,0,0,0,/1
1976,crowlte01,Terry Crowley,29,TOT,MLB,40,76,67,5,15,1,0,0,6,0,0,7,11,.224,.303,.239,.541,64,16,2,1,0,1,1,D/3
1976,crowlte01,Terry Crowley,29,ATL,NL,7,7,6,0,0,0,0,0,1,0,0,0,0,.000,.000,.000,.000,-100,0,1,0,0,1,0,
1976,crowlte01,Terry Crowley,29,BAL,AL,33,69,61,5,15,1,0,0,5,0,0,7,11,.246,.333,.262,.596,81,16,1,1,0,0,1,D/3
1976,cruzhe01,Hector Cruz,23,STL,NL,151,577,526,54,120,17,1,13,71,1,0,42,119,.228,.286,.338,.625,77,178,13,2,4,3,7,*5
1976,cruzhe02,Henry Cruz,24,LAD,NL,49,98,88,8,16,2,1,4,14,0,2,9,11,.182,.258,.364,.621,77,32,1,0,1,0,3,9/87
1976,cruzjo01,Jose Cruz,28,HOU,NL,133,496,439,49,133,21,5,4,61,28,11,53,46,.303,.377,.401,.777,131,176,6,0,2,2,5,*798
1976,cubbami01,Mike Cubbage,25,TOT,AL,118,431,374,42,96,19,5,3,49,1,1,49,44,.257,.346,.358,.704,105,134,11,3,3,2,3,5/D4
1976,cubbami01,Mike Cubbage,25,TEX,AL,14,39,32,2,7,0,0,0,0,0,0,7,7,.219,.359,.219,.578,71,7,1,0,0,0,0,/D45
1976,cubbami01,Mike Cubbage,25,MIN,AL,104,392,342,40,89,19,5,3,49,1,1,42,37,.260,.344,.371,.716,108,127,10,3,3,2,3,5/4D
1976,curtijo01,John Curtis,28,STL,NL,38,42,35,3,7,1,1,0,0,0,0,2,13,.200,.243,.286,.529,50,10,1,0,5,0,0,1
1976,d'acqjo01,John D'Acquisto,24,SFG,NL,28,31,26,1,7,1,0,0,2,0,0,1,11,.269,.296,.308,.604,71,8,1,0,4,0,0,1
1976,dadepa01,Paul Dade,24,CAL,AL,13,12,9,2,1,0,0,0,1,0,0,3,3,.111,.333,.111,.444,39,1,1,0,0,0,0,/745D9
1976,dalcabr01,Bruce Dal Canton,35,ATL,NL,42,11,9,2,2,0,0,0,0,0,0,1,2,.222,.300,.222,.522,47,2,0,0,1,0,0,1
1976,darcypa01,Pat Darcy,26,CIN,NL,11,14,11,1,2,0,0,0,0,0,0,2,3,.182,.308,.182,.490,41,2,0,0,1,0,0,1
1976,darwibo01,Bobby Darwin,33,TOT,AL,68,193,179,15,37,8,3,4,18,1,0,8,51,.207,.260,.352,.612,74,63,4,5,1,0,1,9D/7
1976,darwibo01,Bobby Darwin,33,MIL,AL,25,81,73,6,18,3,1,1,5,0,0,6,16,.247,.321,.356,.677,101,26,2,2,0,0,1,9/D
1976,darwibo01,Bobby Darwin,33,BOS,AL,43,112,106,9,19,5,2,3,13,1,0,2,35,.179,.216,.349,.565,56,37,2,3,1,0,0,D9/7
1976,dauerri01,Rich Dauer,23,BAL,AL,11,42,39,0,4,0,0,0,3,0,0,1,3,.103,.143,.103,.245,-25,4,0,1,0,1,0,4
1976,davanje01,Jerry DaVanon,30,HOU,NL,61,130,107,19,31,3,3,1,20,0,2,21,12,.290,.408,.402,.810,141,43,2,1,0,1,1,46/5
1976,davisbo02,Bob Davis,24,SDP,NL,51,90,83,7,17,0,1,0,5,0,0,5,13,.205,.244,.229,.473,40,19,0,0,0,2,1,2
1976,davisto02,Tommy Davis,37,TOT,AL,80,257,238,17,63,5,0,3,26,0,1,16,18,.265,.311,.324,.635,92,77,13,1,0,2,3,D/3
1976,davisto02,Tommy Davis,37,CAL,AL,72,237,219,16,58,5,0,3,26,0,1,15,18,.265,.312,.329,.641,94,72,12,1,0,2,3,D/3
1976,davisto02,Tommy Davis,37,KCR,AL,8,20,19,1,5,0,0,0,0,0,0,1,0,.263,.300,.263,.563,65,5,1,0,0,0,0,/D
1976,daviswi02,Willie Davis,36,SDP,NL,141,522,493,61,132,18,10,5,46,14,2,19,34,.268,.295,.375,.670,97,185,6,2,3,5,2,*8
1976,dawsoan01,Andre Dawson,21,MON,NL,24,92,85,9,20,4,1,0,7,1,2,5,13,.235,.278,.306,.584,63,26,0,0,2,0,1,8/79
1976,dejesiv01,Ivan de Jesus,23,LAD,NL,22,47,41,4,7,2,1,0,2,0,1,4,9,.171,.244,.268,.513,47,11,2,0,2,0,0,6/5
1976,decindo01,Doug DeCinces,25,BAL,AL,129,475,440,36,103,17,2,11,42,8,4,29,68,.234,.284,.357,.641,93,157,11,2,3,1,1,*543/6D
1976,demerla01,Larry Demery,23,PIT,NL,40,47,40,0,5,0,0,0,1,0,0,2,16,.125,.163,.125,.288,-17,5,0,0,4,1,0,1
1976,dempsri01,Rick Dempsey,26,TOT,AL,80,240,216,12,42,2,0,0,12,1,1,18,21,.194,.263,.204,.466,42,44,2,2,4,0,0,2/97
1976,dempsri01,Rick Dempsey,26,NYY,AL,21,48,42,1,5,0,0,0,2,0,0,5,4,.119,.213,.119,.332,0,5,0,0,1,0,0,/29
1976,dempsri01,Rick Dempsey,26,BAL,AL,59,192,174,11,37,2,0,0,10,1,1,13,17,.213,.275,.224,.499,52,39,2,2,3,0,0,2/97
1976,dennyjo01,John Denny,23,STL,NL,30,75,67,3,15,2,0,0,4,1,0,1,27,.224,.235,.254,.489,39,17,0,0,7,0,0,1
1976,dentbu01,Bucky Dent,24,CHW,AL,158,627,562,44,138,18,4,2,52,3,5,43,45,.246,.300,.302,.603,77,170,10,2,17,2,3,*6
1976,dettoto01,Tom Dettore,28,CHC,NL,4,0,0,0,0,0,0,0,0,0,0,0,0,,,,,,0,0,0,0,0,0,/1
1976,devinad01,Adrian Devine,24,ATL,NL,48,16,14,0,0,0,0,0,0,0,0,0,3,.000,.000,.000,.000,-100,0,0,0,2,0,0,1
1976,dierkla01,Larry Dierker,29,HOU,NL,28,69,64,3,9,0,0,1,4,0,0,0,20,.141,.136,.188,.324,-5,12,1,0,3,2,0,1
1976,dillast01,Steve Dillard,25,BOS,AL,57,187,167,22,46,14,0,1,15,6,4,17,20,.275,.341,.377,.718,100,63,7,0,2,1,1,546/D
1976,dilonmi01,Miguel Dilone,21,PIT,NL,16,17,17,7,4,0,0,0,0,5,1,0,0,.235,.235,.235,.471,34,4,0,0,0,0,0,/87
1976,dineeke01,Kerry Dineen,23,NYY,AL,4,8,7,0,2,0,0,0,1,1,1,1,2,.286,.375,.286,.661,97,2,0,0,0,0,0,/89
1976,downial01,Al Downing,35,LAD,NL,17,6,6,0,0,0,0,0,0,0,0,0,4,.000,.000,.000,.000,-100,0,0,0,0,0,0,1
1976,downibr01,Brian Downing,25,CHW,AL,104,365,317,38,81,14,0,3,30,7,3,40,55,.256,.338,.328,.666,96,104,2,1,4,3,0,2D
1976,doylede01,Denny Doyle,32,BOS,AL,117,461,432,51,108,15,5,0,26,8,5,22,39,.250,.285,.308,.593,66,133,9,0,5,2,0,*4
1976,dragodi01,Dick Drago,31,CAL,AL,1,0,0,0,0,0,0,0,0,0,0,0,0,,,,,,0,0,0,0,0,0,1
1976,dressro01,Rob Dressler,22,SFG,NL,25,34,31,2,4,0,0,0,1,0,0,0,14,.129,.156,.129,.285,-19,4,0,1,2,0,0,1
1976,driesda01,Dan Driessen,24,CIN,NL,98,268,219,32,54,11,1,7,44,14,1,43,32,.247,.362,.402,.764,116,88,11,0,0,6,2,37
1976,duffyfr01,Frank Duffy,29,CLE,AL,133,437,392,38,83,11,2,2,30,10,0,29,50,.212,.268,.265,.534,59,104,13,2,12,2,2,*6
1976,duncada01,Dave Duncan,30,BAL,AL,93,314,284,20,58,7,0,4,17,0,0,25,56,.204,.271,.271,.542,64,77,8,1,4,0,0,2
1976,dunnist01,Steve Dunning,27,TOT,MLB,32,20,15,0,2,0,0,0,0,0,0,2,7,.133,.235,.133,.369,5,2,0,0,3,0,0,1
1976,dunnist01,Steve Dunning,27,MON,NL,32,20,15,0,2,0,0,0,0,0,0,2,7,.133,.235,.133,.369,5,2,0,0,3,0,0,1
1976,dupremi01,Mike Dupree,23,SDP,NL,12,1,1,1,1,0,0,0,0,0,0,0,0,1.000,1.000,1.000,2.000,491,1,0,0,0,0,0,1
1976,dwyerji01,Jim Dwyer,26,TOT,NL,61,119,105,9,19,3,1,0,5,0,0,13,11,.181,.269,.229,.497,41,24,3,0,0,1,2,7/9
1976,dwyerji01,Jim Dwyer,26,MON,NL,50,104,92,7,17,3,1,0,5,0,0,11,10,.185,.269,.239,.508,43,22,3,0,0,1,1,7/9
1976,dwyerji01,Jim Dwyer,26,NYM,NL,11,15,13,2,2,0,0,0,0,0,0,2,1,.154,.267,.154,.421,26,2,0,0,0,0,1,/9
1976,dyerdu01,Duffy Dyer,30,PIT,NL,69,220,184,12,41,8,0,3,9,0,0,29,35,.223,.336,.315,.652,86,58,3,3,3,1,10,2
1976,easlemi01,Mike Easler,25,CAL,AL,21,59,54,6,13,1,1,0,4,1,1,2,11,.241,.259,.296,.555,68,16,1,0,1,2,1,D
1976,easteja01,Jamie Easterly,23,ATL,NL,4,9,9,0,1,0,0,0,0,0,0,0,2,.111,.111,.111,.222,-38,1,0,0,0,0,0,/1
1976,eastwra01,Rawly Eastwick,25,CIN,NL,71,19,17,0,0,0,0,0,0,0,0,0,10,.000,.000,.000,.000,-100,0,0,0,2,0,0,1
1976,edenmi01,Mike Eden,27,ATL,NL,5,8,8,0,0,0,0,0,1,0,0,0,0,.000,.000,.000,.000,-100,0,1,0,0,0,0,/4
1976,ellisjo01,John Ellis,27,TEX,AL,11,31,31,4,13,2,0,1,8,0,0,0,4,.419,.419,.581,1.000,189,18,1,0,0,0,0,/2D
1976,enrigge01,George Enright,22,CHW,AL,2,1,1,0,0,0,0,0,0,0,0,0,0,.000,.000,.000,.000,-100,0,0,0,0,0,0,/2
1976,espinni01,Nino Espinosa,22,NYM,NL,12,11,9,1,0,0,0,0,0,0,0,1,3,.000,.100,.000,.100,-69,0,0,0,1,0,0,1
1976,essiaji01,Jim Essian,25,CHW,AL,78,229,199,20,49,7,0,0,21,2,1,23,28,.246,.326,.281,.607,79,56,6,1,5,1,0,2/35
1976,etchean01,Andy Etchebarren,33,CAL,AL,103,281,247,15,56,9,1,0,21,0,2,24,37,.227,.305,.271,.577,76,67,9,4,6,0,0,2
1976,evansda01,Darrell Evans,29,TOT,NL,136,471,396,53,81,9,1,11,46,9,1,72,71,.205,.326,.316,.641,81,125,5,0,1,2,4,*35
1976,evansda01,Darrell Evans,29,ATL,NL,44,169,139,11,24,0,0,1,10,3,0,30,33,.173,.320,.194,.514,45,27,3,0,0,0,0,3/5
1976,evansda01,Darrell Evans,29,SFG,NL,92,302,257,42,57,9,1,10,36,6,1,42,38,.222,.329,.381,.710,100,98,2,0,1,2,4,3/5
1976,evansdw01,Dwight Evans,24,BOS,AL,146,571,501,61,121,34,5,17,62,6,7,57,92,.242,.324,.431,.755,109,216,11,6,3,4,4,*9/8D
1976,ewingsa01,Sam Ewing,27,CHW,AL,19,43,41,3,9,2,1,0,2,0,0,2,8,.220,.256,.317,.573,67,13,0,0,0,0,0,D/3
1976,faheybi01,Bill Fahey,26,TEX,AL,38,94,80,12,20,2,0,1,9,1,0,11,6,.250,.348,.313,.660,94,25,2,1,2,0,0,2
1976,fairlro01,Ron Fairly,37,TOT,MLB,88,191,156,22,40,5,0,3,31,0,0,32,24,.256,.379,.346,.725,110,54,6,0,1,2,6,3
1976,fairlro01,Ron Fairly,37,STL,NL,73,136,110,13,29,4,0,0,21,0,0,23,12,.264,.385,.300,.685,96,33,5,0,1,2,3,3
1976,fairlro01,Ron Fairly,37,OAK,AL,15,55,46,9,11,1,0,3,10,0,0,9,12,.239,.364,.457,.820,145,21,1,0,0,0,3,3
1976,falcope01,Pete Falcone,22,STL,NL,32,76,62,3,8,1,0,0,2,0,0,1,23,.129,.156,.145,.301,-14,9,1,1,12,0,0,1
1976,fergujo01,Joe Ferguson,29,TOT,NL,125,439,374,46,79,15,4,10,39,6,2,57,81,.211,.317,.353,.670,91,132,9,2,4,2,4,29
1976,fergujo01,Joe Ferguson,29,LAD,NL,54,213,185,24,41,7,0,6,18,2,0,25,41,.222,.318,.357,.674,93,66,3,1,2,0,1,92
1976,fergujo01,Joe Ferguson,29,STL,NL,71,226,189,22,38,8,4,4,21,4,2,32,40,.201,.317,.349,.666,89,66,6,1,2,2,3,29
1976,fingero01,Rollie Fingers,29,OAK,AL,1,0,0,0,0,0,0,0,0,0,0,0,0,,,,,,0,0,0,0,0,0,1
1976,fiskca01,Carlton Fisk,28,BOS,AL,134,557,487,76,124,17,5,17,58,12,5,56,71,.255,.336,.415,.751,109,202,11,6,3,5,3,*2/D
1976,fitzmal01,Al Fitzmorris,30,KCR,AL,2,0,0,0,0,0,0,0,0,0,0,0,0,,,,,,0,0,0,0,0,0,1/D
1976,flynndo01,Doug Flynn,25,CIN,NL,93,235,219,20,62,5,2,1,20,2,0,10,24,.283,.312,.338,.650,83,74,3,0,4,2,1,456
1976,foliti01,Tim Foli,25,MON,NL,149,572,546,41,144,36,1,6,54,6,5,16,33,.264,.281,.366,.647,79,200,15,0,2,8,1,*6/5
1976,folkeri01,Rich Folkers,29,SDP,NL,33,5,4,0,0,0,0,0,0,0,0,0,1,.000,.000,.000,.000,-100,0,0,0,1,0,0,1
1976,footeba01,Barry Foote,24,MON,NL,105,368,350,32,82,12,2,7,27,2,1,17,32,.234,.272,.340,.612,70,119,8,1,0,0,3,2/53
1976,fordda01,Dan Ford,24,MIN,AL,145,571,514,87,137,24,7,20,86,17,6,36,118,.267,.323,.457,.781,125,235,12,10,5,6,2,*9/D
1976,forscbo01,Bob Forsch,26,STL,NL,35,72,62,6,11,2,0,1,5,0,0,1,17,.177,.190,.258,.449,26,16,3,0,9,0,0,1
1976,forscke01,Ken Forsch,29,HOU,NL,52,14,11,0,1,0,0,0,1,0,0,1,3,.091,.167,.091,.258,-22,1,1,0,2,0,0,1
1976,fossera01,Ray Fosse,29,CLE,AL,90,300,276,26,83,9,1,2,30,1,2,20,20,.301,.347,.362,.709,110,100,8,0,3,1,1,2/3D
1976,fosteal01,Alan Foster,29,SDP,NL,29,24,18,1,1,0,0,0,0,0,0,3,6,.056,.190,.056,.246,-25,1,0,0,3,0,0,1
1976,fostege01,George Foster,27,CIN,NL,144,627,562,86,172,21,9,29,121,17,3,52,89,.306,.364,.530,.894,150,298,11,4,0,9,4,*789/3
1976,fostele01,Leo Foster,25,NYM,NL,24,67,59,11,12,2,0,1,15,3,0,8,5,.203,.299,.288,.587,73,17,0,0,0,0,1,/564
1976,frailke01,Ken Frailing,28,CHC,NL,6,4,3,0,0,0,0,0,0,0,0,0,0,.000,.000,.000,.000,-100,0,0,0,1,0,0,/1
1976,freedro01,Roger Freed,30,MON,NL,8,15,15,0,3,1,0,0,1,0,0,0,3,.200,.200,.267,.467,29,4,0,0,0,0,0,/3
1976,freehbi01,Bill Freehan,34,DET,AL,71,255,237,22,64,10,1,5,27,0,0,12,27,.270,.303,.384,.687,99,91,4,1,1,4,0,2/D3
1976,fregoji01,Jim Fregosi,34,TEX,AL,58,160,133,17,31,7,0,2,12,2,0,23,33,.233,.342,.331,.673,97,44,4,0,2,2,1,3D/5
1976,freisda01,Dave Freisleben,24,SDP,NL,34,48,37,3,7,0,1,0,2,0,0,2,8,.189,.231,.243,.474,40,9,0,0,9,0,0,1
1976,friaspe01,Pepe Frias,27,MON,NL,76,121,113,7,28,5,0,0,8,1,1,4,14,.248,.271,.292,.563,57,33,2,0,3,1,3,46/58
1976,friseda01,Danny Frisella,30,TOT,MLB,18,1,1,0,0,0,0,0,0,0,0,0,0,.000,.000,.000,.000,-100,0,0,0,0,0,0,1
1976,friseda01,Danny Frisella,30,STL,NL,18,1,1,0,0,0,0,0,0,0,0,0,0,.000,.000,.000,.000,-100,0,0,0,0,0,0,1
1976,frymawo01,Woodie Fryman,36,MON,NL,34,76,64,1,7,1,0,0,2,0,0,1,17,.109,.123,.125,.248,-31,8,0,0,11,0,0,1
1976,fuentti01,Tito Fuentes,32,SDP,NL,135,559,520,48,137,18,0,2,36,5,3,18,38,.263,.287,.310,.597,76,161,12,1,16,4,0,*4
1976,gamblos01,Oscar Gamble,26,NYY,AL,110,384,340,43,79,13,1,17,57,5,3,38,38,.232,.317,.426,.743,118,145,4,4,2,0,4,9/D
1976,gantnji01,Jim Gantner,23,MIL,AL,26,79,69,6,17,1,0,0,7,1,0,6,11,.246,.316,.261,.577,72,18,1,1,3,0,0,5/D
1976,garbege01,Gene Garber,28,PHI,NL,59,12,7,0,2,0,0,0,0,0,0,2,3,.286,.444,.286,.730,109,2,0,0,3,0,0,1
1976,garciki01,Kiko Garcia,22,BAL,AL,11,32,32,2,7,1,1,1,4,2,1,0,4,.219,.219,.406,.625,86,13,0,0,0,0,0,6
1976,garcipe01,Pedro Garcia,26,TOT,AL,118,362,333,33,68,17,3,4,29,4,5,13,63,.204,.244,.309,.554,61,103,4,6,6,4,0,*4
1976,garcipe01,Pedro Garcia,26,MIL,AL,41,117,106,12,23,7,1,1,9,2,2,4,23,.217,.257,.330,.587,73,35,1,2,4,1,0,4
1976,garcipe01,Pedro Garcia,26,DET,AL,77,245,227,21,45,10,2,3,20,2,3,9,40,.198,.239,.300,.538,56,68,3,4,2,3,0,4
1976,garmami01,Mike Garman,26,CHC,NL,47,7,7,0,0,0,0,0,0,0,0,0,4,.000,.000,.000,.000,-100,0,0,0,0,0,0,1
1976,garneph01,Phil Garner,27,OAK,AL,159,603,555,54,145,29,12,8,74,35,13,36,71,.261,.307,.400,.707,111,222,11,2,6,4,1,*4
1976,garrra01,Ralph Garr,30,CHW,AL,136,558,527,63,158,22,6,4,36,14,5,17,41,.300,.322,.387,.709,107,204,6,2,8,4,2,*978/D
1976,garread01,Adrian Garrett,33,CAL,AL,29,54,48,4,6,3,0,0,3,0,0,5,16,.125,.204,.188,.391,19,9,2,0,0,1,0,2/D3
1976,garrewa01,Wayne Garrett,28,TOT,NL,139,516,428,51,99,12,2,6,37,9,7,82,46,.231,.356,.311,.667,93,133,6,1,2,0,12,54/6
1976,garrewa01,Wayne Garrett,28,NYM,NL,80,305,251,36,56,8,1,4,26,7,5,52,26,.223,.359,.311,.669,98,78,5,1,1,0,5,54/6
1976,garrewa01,Wayne Garrett,28,MON,NL,59,211,177,15,43,4,1,2,11,2,2,30,20,.243,.353,.311,.663,86,55,1,0,1,0,7,4/5
1976,garvest01,Steve Garvey,27,LAD,NL,162,696,631,85,200,37,4,13,80,19,8,50,69,.317,.363,.450,.813,133,284,20,1,5,9,11,*3
1976,gastoci01,Cito Gaston,32,ATL,NL,69,147,134,15,39,4,0,4,25,1,0,13,21,.291,.354,.410,.764,112,55,6,0,0,0,1,7/93
1976,geronce01,Cesar Geronimo,28,CIN,NL,149,555,486,59,149,24,11,2,49,22,5,56,95,.307,.382,.414,.795,125,201,6,6,2,5,13,*8
1976,gilbrro01,Rod Gilbreath,23,ATL,NL,116,452,383,57,96,11,8,1,32,7,7,42,36,.251,.329,.329,.658,83,126,9,4,20,3,1,4/56
1976,giustda01,Dave Giusti,36,PIT,NL,40,5,4,0,0,0,0,0,0,0,0,1,0,.000,.200,.000,.200,-39,0,0,0,0,0,0,1
1976,goltzda01,Dave Goltz,27,MIN,AL,1,0,0,0,0,0,0,0,0,0,0,0,0,,,,,,0,0,0,0,0,0,1
1976,gomezlu01,Luis Gomez,24,MIN,AL,38,62,57,5,11,1,0,0,3,1,0,3,3,.193,.233,.211,.444,30,12,3,0,2,0,0,6/458D
1976,gonzaor01,Orlando Gonzalez,24,CLE,AL,28,75,68,5,17,2,0,0,4,1,2,5,7,.250,.301,.279,.581,73,19,2,0,2,0,0,3/97D
1976,goodsed01,Ed Goodson,28,LAD,NL,83,128,118,8,27,4,0,3,17,0,0,8,19,.229,.273,.339,.612,75,40,7,0,0,2,2,5/374
1976,grangwa01,Wayne Granger,32,MON,NL,27,5,3,0,0,0,0,0,0,0,0,0,1,.000,.000,.000,.000,-100,0,0,0,2,0,0,1
1976,greifbi01,Bill Greif,26,TOT,NL,52,14,12,0,0,0,0,0,0,0,0,2,5,.000,.143,.000,.143,-56,0,0,0,0,0,0,1
1976,greifbi01,Bill Greif,26,SDP,NL,5,8,8,0,0,0,0,0,0,0,0,0,3,.000,.000,.000,.000,-100,0,0,0,0,0,0,/1
1976,greifbi01,Bill Greif,26,STL,NL,47,6,4,0,0,0,0,0,0,0,0,2,2,.000,.333,.000,.333,1,0,0,0,0,0,0,1
1976,grichbo01,Bobby Grich,27,BAL,AL,144,615,518,93,138,31,4,13,54,14,6,86,99,.266,.373,.417,.790,138,216,8,3,7,1,1,*4/5D
1976,grievto01,Tom Grieve,28,TEX,AL,149,600,546,57,139,23,3,20,81,4,1,35,119,.255,.301,.418,.718,108,228,18,4,8,7,5,D7/9
1976,griffke01,Ken Griffey,26,CIN,NL,148,628,562,111,189,28,9,6,74,34,11,62,65,.336,.401,.450,.851,140,253,3,1,0,3,0,*9
1976,griffal01,Alfredo Griffin,18,CLE,AL,12,4,4,0,1,0,0,0,0,0,1,0,2,.250,.250,.250,.500,49,1,0,0,0,0,0,/6D
1976,griffdo01,Doug Griffin,29,BOS,AL,49,141,127,14,24,2,0,0,4,2,1,9,14,.189,.248,.205,.453,28,26,4,1,4,0,0,4/D
1976,griffto02,Tom Griffin,28,TOT,NL,32,36,31,2,2,0,0,0,0,0,0,1,9,.065,.094,.065,.158,-53,2,0,0,4,0,0,1
1976,griffto02,Tom Griffin,28,HOU,NL,20,7,5,0,0,0,0,0,0,0,0,1,2,.000,.167,.000,.167,-47,0,0,0,1,0,0,1
1976,griffto02,Tom Griffin,28,SDP,NL,12,29,26,2,2,0,0,0,0,0,0,0,7,.077,.077,.077,.154,-55,2,0,0,3,0,0,1
1976,grillst01,Steve Grilli,27,DET,AL,1,0,0,0,0,0,0,0,0,0,0,0,0,,,,,,0,0,0,0,0,0,1
1976,grossgr01,Greg Gross,23,HOU,NL,128,501,426,52,122,12,3,0,27,2,6,64,39,.286,.375,.329,.704,110,140,8,0,5,6,3,*9
1976,grosswa01,Wayne Gross,24,OAK,AL,10,20,18,0,4,0,0,0,1,0,0,2,1,.222,.300,.222,.522,59,4,0,0,0,0,0,/3D9
1976,groteje01,Jerry Grote,33,NYM,NL,101,366,323,30,88,14,2,4,28,1,2,38,19,.272,.350,.365,.715,110,118,15,1,3,1,4,2/79
1976,grubbjo01,Johnny Grubb,27,SDP,NL,109,461,384,54,109,22,1,5,27,1,2,65,53,.284,.391,.385,.777,130,148,5,4,6,2,10,798/35
1976,guerrma01,Mario Guerrero,26,CAL,AL,83,288,268,24,76,12,0,1,18,0,0,7,12,.284,.304,.340,.643,95,91,6,3,5,5,2,46/D
1976,guidrro01,Ron Guidry,25,NYY,AL,1,0,0,0,0,0,0,0,0,0,0,0,0,,,,,,0,0,0,0,0,0,/1
1976,gulledo01,Don Gullett,25,CIN,NL,25,51,44,2,8,0,0,0,3,0,0,1,7,.182,.200,.182,.382,8,8,2,0,6,0,0,1
1976,gurala01,Larry Gura,28,KCR,AL,1,0,0,0,0,0,0,0,0,0,0,0,0,,,,,,0,0,0,0,0,0,1
1976,hairsje01,Jerry Hairston,24,CHW,AL,44,147,119,20,27,2,2,0,10,1,1,24,19,.227,.352,.277,.629,86,33,0,0,2,2,0,9/7
1976,halejo01,John Hale,22,LAD,NL,44,112,91,4,14,2,1,0,8,4,1,16,14,.154,.291,.198,.489,42,18,0,2,2,1,1,98
1976,haliced01,Ed Halicki,25,SFG,NL,32,66,53,3,9,0,0,0,3,1,0,6,23,.170,.254,.170,.424,22,9,1,0,7,0,0,1
1976,hallto01,Tom Hall,28,TOT,MLB,7,0,0,0,0,0,0,0,0,0,0,0,0,,,,,,0,0,0,0,0,0,1/D
1976,hallto01,Tom Hall,28,NYM,NL,5,0,0,0,0,0,0,0,0,0,0,0,0,,,,,,0,0,0,0,0,0,/1
1976,hallto01,Tom Hall,28,KCR,AL,2,0,0,0,0,0,0,0,0,0,0,0,0,,,,,,0,0,0,0,0,0,1/D
1976,hamptik01,Ike Hampton,24,CAL,AL,3,2,2,0,0,0,0,0,0,0,0,0,0,.000,.000,.000,.000,-100,0,0,0,0,0,0,/26
1976,haneyla01,Larry Haney,33,OAK,AL,88,196,177,12,40,2,0,0,10,0,1,13,26,.226,.280,.237,.517,56,42,5,1,3,2,0,2
1976,hannapr01,Preston Hanna,21,ATL,NL,5,1,1,0,0,0,0,0,0,0,0,0,0,.000,.000,.000,.000,-100,0,0,0,0,0,0,/1
1976,hannage01,Gerry Hannahs,23,MON,NL,3,8,8,1,3,0,0,0,0,0,0,0,3,.375,.375,.375,.750,110,3,0,0,0,0,0,/1
1976,hansebo01,Bob Hansen,28,MIL,AL,24,67,61,4,10,1,0,0,4,0,0,6,8,.164,.239,.180,.419,26,11,1,0,0,0,0,D/3
1976,hardyla01,Larry Hardy,28,HOU,NL,15,2,2,0,0,0,0,0,0,0,0,0,0,.000,.000,.000,.000,-100,0,0,0,0,0,0,1
1976,hargrmi01,Mike Hargrove,26,TEX,AL,151,654,541,80,155,30,1,7,58,2,3,97,64,.287,.397,.384,.781,129,208,5,6,4,6,13,*3/D
1976,harmote01,Terry Harmon,32,PHI,NL,42,66,61,12,18,4,1,0,6,3,0,3,10,.295,.328,.393,.722,102,24,1,0,2,0,0,64/5
1976,harpeto01,Tommy Harper,35,BAL,AL,46,88,77,8,18,5,0,1,7,4,3,10,16,.234,.318,.338,.656,98,26,1,0,0,1,0,D/37
1976,harrato01,Toby Harrah,27,TEX,AL,155,688,584,64,152,21,1,15,67,8,5,91,59,.260,.360,.377,.737,115,220,17,3,5,5,5,*6/5D
1976,harrebu01,Bud Harrelson,32,NYM,NL,118,432,359,34,84,12,4,1,26,9,3,63,56,.234,.351,.298,.649,92,107,1,2,8,0,5,*6
1976,harrivi01,Vic Harris,26,STL,NL,97,282,259,21,59,12,3,1,19,1,2,16,55,.228,.275,.309,.584,65,80,6,1,6,0,0,485/796
1976,hasslan01,Andy Hassler,24,TOT,AL,1,0,0,0,0,0,0,0,0,0,0,0,0,,,,,,0,0,0,0,0,0,1
1976,hasslan01,Andy Hassler,24,KCR,AL,1,0,0,0,0,0,0,0,0,0,0,0,0,,,,,,0,0,0,0,0,0,1
1976,healyfr02,Fran Healy,29,TOT,AL,54,157,144,12,35,3,0,0,10,5,1,13,27,.243,.306,.264,.570,69,38,4,0,0,0,0,2D
1976,healyfr02,Fran Healy,29,KCR,AL,8,28,24,2,3,0,0,0,1,2,0,4,10,.125,.250,.125,.375,12,3,1,0,0,0,0,/2D
1976,healyfr02,Fran Healy,29,NYY,AL,46,129,120,10,32,3,0,0,9,3,1,9,17,.267,.318,.292,.609,81,35,3,0,0,0,0,2/D
1976,heaveda01,Dave Heaverlo,25,SFG,NL,61,3,3,0,1,0,0,0,0,0,0,0,1,.333,.333,.333,.667,89,1,0,0,0,0,0,1
1976,hebneri01,Richie Hebner,28,PIT,NL,132,493,434,60,108,21,3,8,51,1,3,47,39,.249,.325,.366,.692,97,159,5,4,4,4,2,*5
1976,heganmi01,Mike Hegan,33,MIL,AL,80,249,218,30,54,4,3,5,31,0,0,25,54,.248,.324,.362,.686,103,79,4,1,1,3,1,D93/7
1976,heideja01,Jack Heidemann,26,TOT,MLB,74,175,158,11,33,1,0,2,10,1,3,7,24,.209,.241,.253,.494,47,40,2,0,9,1,0,54/6D
1976,heideja01,Jack Heidemann,26,NYM,NL,5,12,12,0,1,0,0,0,0,0,0,0,0,.083,.083,.083,.167,-51,1,0,0,0,0,0,/64
1976,heideja01,Jack Heidemann,26,MIL,AL,69,163,146,11,32,1,0,2,10,1,3,7,24,.219,.253,.267,.520,54,39,2,0,9,1,0,54/D
1976,heisebo01,Bob Heise,29,BOS,AL,32,61,56,5,15,2,0,0,5,0,1,1,2,.268,.293,.304,.597,67,17,1,1,3,0,0,5/64
1976,helmsto01,Tommy Helms,35,PIT,NL,62,102,87,10,24,5,1,1,13,0,0,10,5,.276,.350,.391,.741,111,34,0,1,2,2,0,54/6
1976,hendejo01,Joe Henderson,29,CIN,NL,4,0,0,0,0,0,0,0,0,0,0,0,0,,,,,,0,0,0,0,0,0,/1
1976,hendeke01,Ken Henderson,30,ATL,NL,133,505,435,52,114,19,0,13,61,5,7,62,68,.262,.352,.395,.747,107,172,12,1,2,5,7,*98
1976,hendrge01,George Hendrick,26,CLE,AL,149,612,551,72,146,20,3,25,81,4,4,51,82,.265,.323,.448,.771,127,247,16,0,1,8,6,*78/D9
1976,hendrel01,Elrod Hendricks,35,TOT,AL,54,143,132,8,23,2,0,4,9,0,1,10,23,.174,.231,.280,.511,52,37,1,0,0,1,1,2
1976,hendrel01,Elrod Hendricks,35,BAL,AL,28,86,79,2,11,1,0,1,4,0,1,7,13,.139,.209,.190,.399,21,15,0,0,0,0,1,2
1976,hendrel01,Elrod Hendricks,35,NYY,AL,26,57,53,6,12,1,0,3,5,0,0,3,10,.226,.263,.415,.678,98,22,1,0,0,1,0,2
1976,hernaen01,Enzo Hernandez,27,SDP,NL,113,389,340,31,87,13,3,1,24,12,7,32,16,.256,.319,.321,.640,89,109,5,0,16,1,4,6
1976,hernake01,Keith Hernandez,22,STL,NL,129,428,374,54,108,21,5,7,46,4,2,49,53,.289,.376,.428,.803,127,160,8,3,2,0,5,*3
1976,hernara01,Ramon Hernandez,35,TOT,NL,39,3,3,0,0,0,0,0,0,0,0,0,1,.000,.000,.000,.000,-100,0,0,0,0,0,0,1
1976,hernara01,Ramon Hernandez,35,PIT,NL,37,3,3,0,0,0,0,0,0,0,0,0,1,.000,.000,.000,.000,-100,0,0,0,0,0,0,1
1976,hernara01,Ramon Hernandez,35,CHC,NL,2,0,0,0,0,0,0,0,0,0,0,0,0,,,,,,0,0,0,0,0,0,/1
1976,herndla01,Larry Herndon,22,SFG,NL,115,365,337,42,97,11,3,2,23,12,10,23,45,.288,.337,.356,.693,96,120,4,2,3,0,0,*8
1976,herrmed01,Ed Herrmann,29,TOT,MLB,108,352,311,19,62,11,0,5,33,0,0,29,48,.199,.274,.283,.557,66,88,6,4,5,3,4,2
1976,herrmed01,Ed Herrmann,29,CAL,AL,29,56,46,5,8,3,0,2,8,0,0,7,8,.174,.278,.370,.647,95,17,0,0,2,1,2,2
1976,herrmed01,Ed Herrmann,29,HOU,NL,79,296,265,14,54,8,0,3,25,0,0,22,40,.204,.273,.268,.541,61,71,6,4,3,2,2,2
1976,hillma01,Marc Hill,24,SFG,NL,54,146,131,11,24,5,0,3,15,0,1,10,19,.183,.243,.290,.533,50,38,3,1,2,2,2,2/3
1976,hillejo01,John Hiller,33,DET,AL,1,1,1,0,0,0,0,0,0,0,0,0,0,.000,.000,.000,.000,-100,0,0,0,0,0,0,1
1976,hintori01,Rich Hinton,29,CIN,NL,12,1,1,0,0,0,0,0,0,0,0,0,0,.000,.000,.000,.000,-100,0,0,0,0,0,0,1
1976,hislela01,Larry Hisle,29,MIN,AL,155,661,581,81,158,19,5,14,96,31,18,56,93,.272,.335,.394,.730,111,229,11,4,11,9,4,*79/8
1976,hobsobu01,Butch Hobson,24,BOS,AL,76,292,269,34,63,7,5,8,34,0,1,15,62,.234,.272,.387,.658,82,104,8,0,5,3,1,5
1976,hodgero01,Ron Hodges,27,NYM,NL,56,184,155,21,35,6,0,4,24,2,0,27,16,.226,.339,.342,.681,100,53,4,0,1,1,2,2
1976,holtji01,Jim Holt,32,OAK,AL,4,8,7,0,2,2,0,0,2,0,0,1,2,.286,.375,.571,.946,181,4,0,0,0,0,0,/D
1976,hooddo01,Don Hood,26,CLE,AL,1,0,0,0,0,0,0,0,0,0,0,0,0,,,,,,0,0,0,0,0,0,1/D
1976,hootobu01,Burt Hooton,26,LAD,NL,33,81,62,2,6,1,0,0,4,0,0,3,28,.097,.147,.113,.260,-25,7,0,1,13,2,0,1
1976,hopkido01,Don Hopkins,24,OAK,AL,3,0,0,0,0,0,0,0,0,0,1,0,0,,,,,,0,0,0,0,0,0,/D
1976,hortowi01,Willie Horton,33,DET,AL,114,456,401,40,105,17,0,14,56,0,0,49,63,.262,.342,.409,.751,117,164,16,2,0,4,7,D
1976,hosleti01,Tim Hosley,29,TOT,MLB,38,64,56,4,9,2,0,1,4,0,0,8,12,.161,.266,.250,.516,55,14,1,0,0,0,0,2
1976,hosleti01,Tim Hosley,29,CHC,NL,1,1,1,0,0,0,0,0,0,0,0,0,0,.000,.000,.000,.000,-100,0,0,0,0,0,0,
1976,hosleti01,Tim Hosley,29,OAK,AL,37,63,55,4,9,2,0,1,4,0,0,8,12,.164,.270,.255,.524,58,14,1,0,0,0,0,2
1976,houghch01,Charlie Hough,28,LAD,NL,77,21,21,1,6,2,0,0,4,0,0,0,5,.286,.286,.381,.667,90,8,0,0,0,0,0,1
1976,houseto01,Tom House,29,BOS,AL,1,0,0,0,0,0,0,0,0,0,0,0,0,,,,,,0,0,0,0,0,0,1
1976,howardo01,Doug Howard,28,CLE,AL,39,99,90,7,19,4,0,0,13,1,1,3,13,.211,.237,.256,.493,46,23,3,1,2,3,2,3/D9
1976,howarwi01,Wilbur Howard,27,HOU,NL,94,201,191,26,42,7,2,1,18,7,5,7,28,.220,.245,.293,.538,59,56,5,0,1,2,1,798/4
1976,howear01,Art Howe,29,HOU,NL,21,35,29,0,4,1,0,0,0,0,0,6,6,.138,.286,.172,.458,38,5,1,0,0,0,1,/54
1976,howelro02,Roy Howell,22,TEX,AL,140,531,491,55,124,28,2,8,53,1,0,30,106,.253,.295,.367,.661,92,180,12,1,5,4,8,*5/D
1976,hraboal01,Al Hrabosky,26,STL,NL,68,13,7,0,0,0,0,0,0,0,0,2,4,.000,.300,.000,.300,-9,0,0,1,3,0,0,1
1976,hugheji03,Jim Hughes,24,MIN,AL,1,0,0,0,0,0,0,0,0,0,0,0,0,,,,,,0,0,0,0,0,0,1
1976,humphte01,Terry Humphrey,26,CAL,AL,71,220,196,17,48,10,0,1,19,0,1,13,30,.245,.306,.311,.617,87,61,7,5,4,2,0,2
1976,hundlra01,Randy Hundley,34,CHC,NL,13,20,18,3,3,2,0,0,1,0,0,1,4,.167,.200,.278,.478,31,5,0,0,0,1,0,/2
1976,hunteca01,Catfish Hunter,30,NYY,AL,1,1,1,0,0,0,0,0,0,0,0,0,0,.000,.000,.000,.000,-100,0,0,0,0,0,0,1
1976,huttoto01,Tom Hutton,30,PHI,NL,95,153,124,15,25,5,1,1,13,1,2,27,11,.202,.342,.282,.624,77,35,4,0,1,1,0,3/9
1976,iviemi01,Mike Ivie,23,SDP,NL,140,446,405,51,118,19,5,7,70,6,6,30,41,.291,.345,.415,.759,123,168,10,5,2,4,8,*3/52
1976,jacksgr01,Grant Jackson,33,TOT,AL,1,0,0,0,0,0,0,0,0,0,0,0,0,,,,,,0,0,0,0,0,0,1
1976,jacksgr01,Grant Jackson,33,NYY,AL,1,0,0,0,0,0,0,0,0,0,0,0,0,,,,,,0,0,0,0,0,0,1
1976,jacksre01,Reggie Jackson,30,BAL,AL,134,558,498,84,138,27,2,27,91,28,7,54,108,.277,.351,.502,.853,155,250,17,4,0,2,7,*98D
1976,jacksro02,Ron Jackson,23,CAL,AL,127,454,410,44,93,18,3,8,40,5,4,30,58,.227,.289,.344,.633,91,141,10,7,4,3,1,*5/4D79
1976,javieal01,Al Javier,22,HOU,NL,8,26,24,1,5,0,0,0,0,0,0,2,5,.208,.269,.208,.478,43,5,1,0,0,0,1,/79
1976,johnto01,Tommy John,33,LAD,NL,31,76,64,3,7,1,0,0,3,0,0,2,10,.109,.136,.125,.261,-25,8,4,0,10,0,0,1
1976,johnsal01,Alex Johnson,33,DET,AL,125,457,429,41,115,15,2,6,45,14,10,19,49,.268,.298,.354,.653,89,152,15,2,1,6,1,7D
1976,johnscl01,Cliff Johnson,28,HOU,NL,108,384,318,36,72,21,2,10,49,0,0,62,59,.226,.359,.399,.759,125,127,9,4,0,0,6,273
1976,johnsde01,Deron Johnson,37,BOS,AL,15,43,38,3,5,1,1,0,0,0,0,5,11,.132,.233,.211,.443,24,8,2,0,0,0,1,/D3
1976,johnsje01,Jerry Johnson,32,SDP,NL,24,3,3,0,0,0,0,0,0,0,0,0,2,.000,.000,.000,.000,-100,0,0,0,0,0,0,1
1976,johnsla02,Lamar Johnson,25,CHW,AL,82,248,222,29,71,11,1,4,33,2,1,19,37,.320,.372,.432,.805,135,96,11,2,1,4,1,3D/7
1976,johnsla01,Larry Johnson,25,MON,NL,6,14,13,0,2,1,0,0,0,0,0,0,2,.154,.154,.231,.385,6,3,0,0,1,0,0,/2
1976,johnsti01,Tim Johnson,26,MIL,AL,105,306,273,25,75,4,3,0,14,4,1,19,32,.275,.327,.311,.638,90,85,7,2,12,0,0,45/36
1976,johnsja01,Jay Johnstone,30,PHI,NL,129,491,440,62,140,38,4,5,53,5,5,41,39,.318,.373,.457,.830,133,201,9,2,1,7,5,*9/378
1976,jonesbo02,Bob Jones,26,CAL,AL,78,187,166,22,35,6,0,6,17,3,0,14,30,.211,.273,.355,.629,90,59,5,1,4,2,3,897/D
1976,jonescl01,Cleon Jones,33,CHW,AL,12,47,40,2,8,1,0,0,3,0,0,5,5,.200,.304,.225,.529,57,9,1,1,1,0,0,/7D
1976,jonesra01,Randy Jones,26,SDP,NL,40,123,103,6,6,0,0,0,2,0,0,5,39,.058,.102,.058,.160,-52,6,0,0,15,0,0,1
1976,jonesru01,Ruppert Jones,21,KCR,AL,28,54,51,9,11,1,1,1,7,0,2,3,16,.216,.259,.333,.593,72,17,0,0,0,0,0,/98D7
1976,jorgemi01,Mike Jorgensen,27,MON,NL,125,399,343,36,87,13,0,6,23,7,1,52,48,.254,.349,.344,.693,94,118,5,0,1,3,9,379
1976,joshuvo01,Von Joshua,28,TOT,MLB,149,611,579,57,154,18,7,5,30,9,13,22,78,.266,.291,.347,.638,86,201,8,0,6,4,5,*87/D
1976,joshuvo01,Von Joshua,28,SFG,NL,42,162,156,13,41,5,2,0,2,1,3,4,20,.263,.280,.321,.600,69,50,3,0,1,1,2,8/7
1976,joshuvo01,Von Joshua,28,MIL,AL,107,449,423,44,113,13,5,5,28,8,10,18,58,.267,.295,.357,.652,93,151,5,0,5,3,3,87/D
1976,jutzesk01,Skip Jutze,30,HOU,NL,42,97,92,7,14,2,3,0,6,0,0,4,16,.152,.186,.239,.425,25,22,2,0,0,1,0,2
1976,kaatji01,Jim Kaat,37,PHI,NL,42,83,79,4,14,3,1,1,8,0,0,2,24,.177,.195,.278,.474,32,22,0,0,1,1,0,1
1976,keenejo01,Joe Keener,23,MON,NL,2,2,1,0,0,0,0,0,0,0,0,0,1,.000,.000,.000,.000,-100,0,0,0,1,0,0,/1
1976,kellemi02,Mick Kelleher,28,CHC,NL,124,363,337,28,77,12,1,0,22,0,4,15,32,.228,.264,.270,.534,48,91,8,2,7,2,3,65/4
1976,kellypa01,Pat Kelly,31,CHW,AL,107,366,311,42,79,20,3,5,34,15,7,45,45,.254,.349,.386,.735,115,120,8,3,2,5,1,D79
1976,kendafr01,Fred Kendall,27,SDP,NL,146,505,456,30,112,17,0,2,39,1,1,36,42,.246,.302,.296,.598,77,135,20,3,5,5,4,*2
1976,kerrijo01,Joe Kerrigan,22,MON,NL,38,2,2,0,0,0,0,0,0,0,0,0,2,.000,.000,.000,.000,-100,0,0,0,0,0,0,1
1976,kessido01,Don Kessinger,33,STL,NL,145,578,502,55,120,22,6,1,40,3,0,61,51,.239,.320,.313,.633,80,157,13,1,9,4,5,*64/5
1976,kimmbr01,Bruce Kimm,25,DET,AL,63,174,152,13,40,8,0,1,6,4,3,15,20,.263,.329,.336,.665,93,51,2,0,7,0,0,2/D
1976,kingmda01,Dave Kingman,27,NYM,NL,123,510,474,70,113,14,1,37,86,7,4,28,135,.238,.286,.506,.793,129,240,11,5,0,3,4,*93/7
1976,kirbycl01,Clay Kirby,28,MON,NL,22,25,18,1,1,1,0,0,3,0,0,1,5,.056,.105,.111,.216,-40,2,0,0,6,0,0,1
1976,kirkped01,Ed Kirkpatrick,31,PIT,NL,83,163,146,14,34,9,0,0,16,1,0,14,15,.233,.294,.295,.589,68,43,3,0,0,3,2,3/8795
1976,kisonbr01,Bruce Kison,26,PIT,NL,31,72,59,4,12,2,2,0,3,0,0,5,20,.203,.266,.305,.571,62,18,1,0,8,0,0,1
1976,kleveja01,Jay Kleven,26,NYM,NL,2,5,5,0,1,0,0,0,2,0,0,0,1,.200,.200,.200,.400,18,1,1,0,0,0,0,/2
1976,kluttmi01,Mickey Klutts,21,NYY,AL,2,3,3,0,0,0,0,0,0,0,0,0,1,.000,.000,.000,.000,-100,0,0,0,0,0,0,/6
1976,kneppbo01,Bob Knepper,22,SFG,NL,4,9,9,0,1,0,0,0,1,0,0,0,3,.111,.111,.111,.222,-37,1,0,0,0,0,0,/1
1976,knowlda01,Darold Knowles,34,CHC,NL,58,12,7,0,1,0,0,0,0,0,0,3,0,.143,.400,.143,.543,55,1,0,0,2,0,0,1
1976,koosmje01,Jerry Koosman,33,NYM,NL,34,94,79,5,17,2,0,0,6,0,0,2,34,.215,.235,.241,.475,40,19,1,0,13,0,0,1
1976,kraneed01,Ed Kranepool,31,NYM,NL,123,455,415,47,121,17,1,10,49,1,0,35,38,.292,.344,.410,.754,121,170,10,0,2,3,4,37/9
1976,krukomi01,Mike Krukow,24,CHC,NL,2,1,1,0,0,0,0,0,0,0,0,0,0,.000,.000,.000,.000,-100,0,0,0,0,0,0,/1
1976,kubiate01,Ted Kubiak,34,SDP,NL,96,245,212,16,50,5,2,0,26,0,3,25,28,.236,.314,.278,.592,76,59,9,0,5,2,2,54/63
1976,kuipedu01,Duane Kuiper,26,CLE,AL,135,555,506,47,133,13,6,0,37,10,17,30,42,.263,.303,.312,.615,83,158,13,1,14,4,2,*4/3D
1976,kusiccr01,Craig Kusick,27,MIN,AL,109,306,266,33,69,13,0,11,36,5,1,35,44,.259,.344,.432,.777,124,115,3,1,1,3,0,D3
1976,kusnyar01,Art Kusnyer,30,MIL,AL,15,37,34,2,4,1,0,0,3,1,0,1,5,.118,.167,.147,.314,-6,5,0,1,1,0,1,2
1976,lacocpe01,Pete LaCock,24,CHC,NL,106,290,244,34,54,9,2,8,28,1,4,42,37,.221,.337,.373,.710,96,91,5,1,2,1,6,39/7
1976,lacorfr01,Frank LaCorte,24,ATL,NL,21,36,33,1,3,0,0,0,1,0,0,0,15,.091,.091,.091,.182,-49,3,0,0,3,0,0,1
1976,lacyle01,Lee Lacy,28,TOT,NL,103,367,338,42,91,11,3,3,34,3,4,22,25,.269,.314,.346,.660,86,117,12,1,4,2,3,489/75
1976,lacyle01,Lee Lacy,28,ATL,NL,50,190,180,25,49,4,2,3,20,2,2,6,12,.272,.299,.367,.666,84,66,5,1,3,0,1,4/8579
1976,lacyle01,Lee Lacy,28,LAD,NL,53,177,158,17,42,7,1,0,14,1,2,16,13,.266,.330,.323,.652,88,51,7,0,1,2,2,89/754
1976,lagrole01,Lerrin LaGrow,27,STL,NL,8,5,5,0,0,0,0,0,0,0,0,0,3,.000,.000,.000,.000,-100,0,0,0,0,0,0,/1
1976,lahoujo01,Joe Lahoud,29,TOT,AL,80,219,185,18,37,7,1,1,9,1,0,28,32,.200,.312,.265,.576,73,49,6,2,1,0,3,7D/9
1976,lahoujo01,Joe Lahoud,29,CAL,AL,42,118,96,8,17,4,0,0,4,0,0,18,16,.177,.319,.219,.538,65,21,3,2,0,0,2,7/9D
1976,lahoujo01,Joe Lahoud,29,TEX,AL,38,101,89,10,20,3,1,1,5,1,0,10,16,.225,.303,.315,.618,80,28,3,0,1,0,1,D/79
1976,landrla01,Larry Landreth,21,MON,NL,3,3,3,0,0,0,0,0,0,0,0,0,2,.000,.000,.000,.000,-100,0,0,0,0,0,0,/1
1976,lanema01,Marv Lane,26,DET,AL,18,55,48,3,9,1,0,0,5,0,0,6,11,.188,.273,.208,.481,41,10,1,0,0,1,0,7/8
1976,langch01,Chip Lang,23,MON,NL,29,8,6,0,1,0,0,0,1,0,0,0,3,.167,.167,.167,.333,-7,1,0,0,2,0,0,1
1976,langfri01,Rick Langford,24,PIT,NL,12,5,5,1,1,1,0,0,0,0,0,0,2,.200,.200,.400,.600,68,2,0,0,0,0,0,1
1976,larsoda01,Dan Larson,21,HOU,NL,14,34,31,5,9,1,1,0,6,0,0,1,3,.290,.313,.387,.700,106,12,0,0,2,0,0,1
1976,lavelga01,Gary Lavelle,27,SFG,NL,65,15,13,0,1,0,0,0,1,0,0,0,3,.077,.077,.077,.154,-56,1,0,0,2,0,0,1
1976,leebi03,Bill Lee,29,BOS,AL,3,0,0,1,0,0,0,0,0,0,0,0,0,,,,,,0,0,0,0,0,0,1/D
1976,leele02,Leron Lee,28,LAD,NL,23,47,45,1,6,0,1,0,2,0,0,2,9,.133,.170,.178,.348,0,8,1,0,0,0,1,9
1976,lefloro01,Ron LeFlore,28,DET,AL,135,603,544,93,172,23,8,4,39,58,20,51,111,.316,.376,.410,.786,128,223,12,2,5,1,2,*8/D
1976,lemasjo01,Johnnie LeMaster,22,SFG,NL,33,105,100,9,21,3,2,0,9,2,0,2,21,.210,.223,.280,.503,41,28,2,0,2,1,0,6
1976,lemonch01,Chet Lemon,21,CHW,AL,132,498,451,46,111,15,5,4,38,13,7,28,65,.246,.298,.328,.626,83,148,9,7,7,4,0,*8/7
1976,lemonma01,Mark Lemongello,20,HOU,NL,4,10,8,0,0,0,0,0,0,0,0,1,3,.000,.111,.000,.111,-65,0,0,0,1,0,0,/1
1976,leonma01,Max Leon,26,ATL,NL,30,2,2,0,0,0,0,0,0,0,0,0,0,.000,.000,.000,.000,-100,0,0,0,0,0,0,1
1976,leonade01,Dennis Leonard,25,KCR,AL,1,0,0,0,0,0,0,0,0,0,0,0,0,,,,,,0,0,0,0,0,0,1
1976,lerchra01,Randy Lerch,21,PHI,NL,1,1,1,1,1,1,0,0,0,0,0,0,0,1.000,1.000,2.000,3.000,728,2,0,0,0,0,0,/1
1976,lewalde01,Dennis Lewallyn,22,LAD,NL,4,5,5,0,0,0,0,0,0,0,0,0,5,.000,.000,.000,.000,-100,0,0,0,0,0,0,/1
1976,lezcasi01,Sixto Lezcano,22,MIL,AL,145,580,513,53,146,19,5,7,56,14,10,51,112,.285,.348,.382,.730,116,196,7,2,8,6,2,*978/D
1976,lindbpa01,Paul Lindblad,34,OAK,AL,1,0,0,0,0,0,0,0,0,0,0,0,0,,,,,,0,0,0,0,0,0,1
1976,lintzla01,Larry Lintz,26,OAK,AL,68,4,1,21,0,0,0,0,0,31,11,2,0,.000,.667,.000,.667,113,0,0,0,1,0,0,D/497
1976,lisjo01,Joe Lis,29,CLE,AL,20,60,51,4,16,1,0,2,7,0,0,8,8,.314,.400,.451,.851,152,23,0,0,0,1,0,3/D
1976,littema01,Mark Littell,23,KCR,AL,3,1,1,0,0,0,0,0,0,0,0,0,1,.000,.000,.000,.000,-100,0,0,0,0,0,0,1
1976,locklge01,Gene Locklear,26,TOT,MLB,56,108,99,11,22,4,0,0,9,0,0,6,22,.222,.264,.263,.527,56,26,0,0,2,1,1,7/D
1976,locklge01,Gene Locklear,26,SDP,NL,43,74,67,9,15,3,0,0,8,0,0,4,15,.224,.264,.269,.533,57,18,0,0,2,1,1,7
1976,locklge01,Gene Locklear,26,NYY,AL,13,34,32,2,7,1,0,0,1,0,0,2,7,.219,.265,.250,.515,53,8,0,0,0,0,0,/D7
1976,lockwsk01,Skip Lockwood,29,NYM,NL,56,23,18,2,6,1,0,0,2,0,1,2,3,.333,.400,.389,.789,132,7,0,0,3,0,0,1
1976,lolicmi01,Mickey Lolich,35,NYM,NL,31,71,54,5,7,0,0,0,1,0,0,5,25,.130,.217,.130,.346,4,7,2,1,11,0,0,1
1976,lonboji01,Jim Lonborg,34,PHI,NL,33,79,67,5,11,1,0,0,4,0,0,6,20,.164,.233,.179,.412,17,12,2,0,6,0,0,1
1976,lopesda01,Davey Lopes,31,LAD,NL,117,491,427,72,103,17,7,4,20,63,10,56,49,.241,.333,.342,.675,94,146,8,4,2,2,1,48
1976,lopezca01,Carlos Lopez,27,CAL,AL,9,12,10,1,0,0,0,0,0,2,0,2,3,.000,.167,.000,.167,-46,0,0,0,0,0,0,/9D
1976,lowenjo01,John Lowenstein,29,CLE,AL,93,257,229,33,47,8,2,2,14,11,8,25,35,.205,.283,.284,.567,69,65,4,0,3,0,3,987D/3
1976,lummi01,Mike Lum,30,CIN,NL,84,164,136,15,31,5,1,3,20,0,1,22,24,.228,.331,.346,.677,91,47,2,1,1,4,1,7/98
1976,luzingr01,Greg Luzinski,25,PHI,NL,149,605,533,74,162,28,1,21,95,1,2,50,107,.304,.369,.478,.847,137,255,11,11,0,11,2,*7
1976,lylesp01,Sparky Lyle,31,NYY,AL,1,0,0,0,0,0,0,0,0,0,0,0,0,,,,,,0,0,0,0,0,0,1
1976,lynnfr01,Fred Lynn,24,BOS,AL,132,566,507,76,159,32,8,10,65,14,9,48,67,.314,.367,.467,.835,132,237,9,1,0,10,2,*8/D9
1976,lyttlji01,Jim Lyttle,30,TOT,NL,65,169,153,9,38,7,1,1,13,0,1,15,25,.248,.315,.327,.642,82,50,2,0,1,0,5,987
1976,lyttlji01,Jim Lyttle,30,MON,NL,42,93,85,6,23,4,1,1,8,0,0,7,13,.271,.326,.376,.703,96,32,2,0,1,0,1,97
1976,lyttlji01,Jim Lyttle,30,LAD,NL,23,76,68,3,15,3,0,0,5,0,1,8,12,.221,.303,.265,.567,64,18,0,0,0,0,4,8/79
1976,maccofr01,Frank MacCormack,21,DET,AL,1,3,3,0,0,0,0,0,0,0,0,0,2,.000,.000,.000,.000,-100,0,0,0,0,0,0,/1
1976,mackape01,Pete Mackanin,24,MON,NL,114,401,380,36,85,15,2,8,33,6,2,15,66,.224,.256,.337,.593,64,128,10,2,3,1,1,4/567
1976,maddoel01,Elliott Maddox,28,NYY,AL,18,51,46,4,10,2,0,0,3,0,1,4,3,.217,.275,.261,.535,59,12,2,0,0,1,1,/98D
1976,maddoga01,Garry Maddox,26,PHI,NL,146,586,531,75,175,37,6,6,68,29,12,42,59,.330,.377,.456,.833,133,242,10,4,0,9,8,*8
1976,madlobi01,Bill Madlock,25,CHC,NL,142,588,514,68,174,36,1,15,84,15,11,56,27,.339,.412,.500,.912,151,257,21,11,3,4,15,*5
1976,manguan01,Angel Mangual,29,OAK,AL,8,12,12,0,2,1,0,0,1,0,1,0,1,.167,.167,.250,.417,24,3,0,0,0,0,0,/9
1976,mangupe01,Pepe Mangual,24,TOT,NL,107,385,317,49,75,14,3,4,25,24,10,60,81,.237,.361,.338,.698,99,107,0,2,5,1,2,87/9
1976,mangupe01,Pepe Mangual,24,MON,NL,66,270,215,34,56,9,1,3,16,17,7,50,49,.260,.403,.353,.756,112,76,0,2,2,1,2,87/9
1976,mangupe01,Pepe Mangual,24,NYM,NL,41,115,102,15,19,5,2,1,9,7,3,10,32,.186,.259,.304,.563,65,31,0,0,3,0,0,87/9
1976,mankoph01,Phil Mankowski,23,DET,AL,24,90,85,9,23,2,1,1,4,0,0,4,8,.271,.300,.353,.653,89,30,3,0,0,1,0,5
1976,manniri01,Rick Manning,21,CLE,AL,138,606,552,73,161,24,7,6,43,16,10,41,75,.292,.337,.393,.730,116,217,11,0,7,6,1,*8
1976,manueje01,Jerry Manuel,22,DET,AL,54,49,43,4,6,1,0,0,2,1,0,3,9,.140,.213,.163,.376,10,7,1,1,2,0,0,4/6D
1976,marshmi01,Mike Marshall,33,TOT,NL,54,17,11,1,1,0,0,0,1,0,0,4,3,.091,.313,.091,.403,18,1,0,0,1,1,0,1
1976,marshmi01,Mike Marshall,33,LAD,NL,30,9,5,1,0,0,0,0,1,0,0,3,2,.000,.333,.000,.333,2,0,0,0,0,1,0,1
1976,marshmi01,Mike Marshall,33,ATL,NL,24,8,6,0,1,0,0,0,0,0,0,1,1,.167,.286,.167,.452,28,1,0,0,1,0,0,1
1976,martije01,Jerry Martin,27,PHI,NL,130,129,121,30,30,7,0,2,15,3,2,7,28,.248,.287,.355,.642,80,43,5,0,0,1,0,*789/3
1976,martibu01,Buck Martinez,27,KCR,AL,95,295,267,24,61,13,3,5,34,0,0,16,45,.228,.269,.356,.625,81,95,2,0,9,3,1,2
1976,masonji01,Jim Mason,25,NYY,AL,93,236,217,17,39,7,1,1,14,0,0,9,37,.180,.210,.235,.445,31,51,4,0,7,3,0,6
1976,matlajo01,Jon Matlack,26,NYM,NL,35,104,88,10,17,1,0,0,9,0,0,8,35,.193,.268,.205,.473,40,18,3,1,7,0,0,1
1976,matthga01,Gary Matthews,25,SFG,NL,156,671,587,79,164,28,4,20,84,12,5,75,94,.279,.359,.443,.802,125,260,8,1,2,6,3,*7
1976,mayca01,Carlos May,28,TOT,AL,107,405,351,45,91,13,2,3,43,5,1,43,37,.259,.344,.333,.677,100,117,6,5,1,5,2,D7/3
1976,mayca01,Carlos May,28,CHW,AL,20,72,63,7,11,2,0,0,3,4,0,9,5,.175,.278,.206,.484,43,13,0,0,0,0,0,D/7
1976,mayca01,Carlos May,28,NYY,AL,87,333,288,38,80,11,2,3,40,1,1,34,32,.278,.358,.361,.720,113,104,6,5,1,5,2,D/73
1976,mayda01,Dave May,32,ATL,NL,105,243,214,27,46,5,3,3,23,5,1,26,31,.215,.300,.308,.609,69,66,4,1,0,2,3,79
1976,mayle01,Lee May,33,BAL,AL,148,583,530,61,137,17,4,25,109,4,1,41,104,.258,.312,.447,.759,127,237,11,3,2,7,8,3D
1976,maymi01,Milt May,25,DET,AL,6,25,25,2,7,1,0,0,1,0,0,0,1,.280,.280,.320,.600,74,8,0,0,0,0,0,/2
1976,maybejo01,John Mayberry,27,KCR,AL,161,690,594,76,138,22,2,13,95,3,2,82,73,.232,.322,.342,.663,94,203,12,2,0,12,7,*3/D
1976,mazzile01,Lee Mazzilli,21,NYM,NL,24,93,77,9,15,2,0,2,7,5,4,14,10,.195,.323,.299,.621,83,23,0,1,0,1,0,8/7
1976,mcbriba01,Bake McBride,27,STL,NL,72,299,272,40,91,13,4,3,24,10,5,18,28,.335,.386,.445,.831,135,121,2,6,1,2,0,8
1976,mccarti01,Tim McCarver,34,PHI,NL,90,194,155,26,43,11,2,3,29,2,1,35,14,.277,.409,.432,.842,137,67,1,1,1,2,2,2/3
1976,mcclubo01,Bob McClure,24,KCR,AL,1,0,0,0,0,0,0,0,0,0,0,0,0,,,,,,0,0,0,0,0,0,/1
1976,mccovwi01,Willie McCovey,38,TOT,MLB,82,251,226,20,46,9,0,7,36,0,0,24,43,.204,.283,.336,.619,82,76,4,1,0,0,8,3/D
1976,mccovwi01,Willie McCovey,38,SDP,NL,71,224,202,20,41,9,0,7,36,0,0,21,39,.203,.281,.351,.633,86,71,4,1,0,0,7,3
1976,mccovwi01,Willie McCovey,38,OAK,AL,11,27,24,0,5,0,0,0,0,0,0,3,4,.208,.296,.208,.505,54,5,0,0,0,0,1,/D
1976,mcenawi01,Will McEnaney,24,CIN,NL,55,9,6,0,1,0,0,0,0,0,0,2,4,.167,.375,.167,.542,57,1,0,0,1,0,0,1
1976,mcgloly01,Lynn McGlothen,26,STL,NL,33,81,71,3,15,3,0,0,11,0,0,1,15,.211,.216,.254,.470,33,18,0,0,7,2,0,1
1976,mcgratu01,Tug McGraw,31,PHI,NL,58,7,7,1,1,1,0,0,0,0,0,0,2,.143,.143,.286,.429,18,2,0,0,0,0,0,1
1976,mckayda01,Dave McKay,26,MIN,AL,45,155,138,8,28,2,0,0,8,1,2,9,27,.203,.272,.217,.489,43,30,6,4,4,0,0,5/6D
1976,mclaubo01,Bo McLaughlin,22,HOU,NL,17,23,19,0,0,0,0,0,0,0,0,2,7,.000,.095,.000,.095,-70,0,0,0,2,0,0,1
1976,mcmulke01,Ken McMullen,34,OAK,AL,98,211,186,20,41,6,2,5,23,1,1,22,33,.220,.305,.355,.660,98,66,4,1,1,1,3,53D/74
1976,mcraeha01,Hal McRae,30,KCR,AL,149,609,527,75,175,34,5,8,73,22,12,64,43,.332,.407,.461,.868,153,243,13,8,2,8,7,*D7
1976,medicdo01,Doc Medich,27,PIT,NL,29,64,52,3,5,0,0,0,1,0,0,4,21,.096,.161,.096,.257,-25,5,2,0,8,0,0,1
1976,mejiasa01,Sam Mejias,24,STL,NL,18,23,21,1,3,1,0,0,0,2,0,2,2,.143,.217,.190,.408,16,4,2,0,0,0,1,9/78
1976,melenlu01,Luis Melendez,26,TOT,NL,92,147,143,15,32,5,0,0,5,1,1,3,15,.224,.238,.259,.497,46,37,6,0,0,1,1,879
1976,melenlu01,Luis Melendez,26,STL,NL,20,24,24,0,3,0,0,0,0,0,0,0,3,.125,.125,.125,.250,-29,3,3,0,0,0,0,/87
1976,melenlu01,Luis Melendez,26,SDP,NL,72,123,119,15,29,5,0,0,5,1,1,3,12,.244,.260,.286,.546,61,34,3,0,0,1,1,879
1976,meltobi01,Bill Melton,30,CAL,AL,118,392,341,31,71,17,3,6,42,2,0,44,53,.208,.300,.328,.628,90,112,5,2,2,3,2,D35
1976,mendoma01,Mario Mendoza,25,PIT,NL,50,97,92,6,17,5,0,0,12,0,1,4,15,.185,.216,.239,.456,30,22,3,0,0,1,1,6/54
1976,merchan01,Andy Merchant,25,BOS,AL,2,2,2,0,0,0,0,0,0,0,0,0,2,.000,.000,.000,.000,-100,0,0,0,0,0,0,/2
1976,messean01,Andy Messersmith,30,ATL,NL,29,77,67,3,12,1,0,0,10,0,0,4,19,.179,.225,.194,.419,17,13,1,0,6,0,0,1
1976,metzgbu01,Butch Metzger,24,SDP,NL,77,12,8,1,0,0,0,0,0,0,0,2,2,.000,.200,.000,.200,-37,0,0,0,2,0,0,1
1976,metzgro01,Roger Metzger,28,HOU,NL,152,543,481,37,101,13,8,0,29,1,1,52,63,.210,.286,.270,.556,66,130,11,0,8,2,10,*6/4
1976,meyerda01,Dan Meyer,23,DET,AL,105,315,294,37,74,8,4,2,16,10,0,17,22,.252,.292,.327,.618,79,96,10,0,3,1,0,73/D
1976,milbola01,Larry Milbourne,25,HOU,NL,59,161,145,22,36,4,0,0,7,6,1,14,10,.248,.319,.276,.595,77,40,3,1,1,0,0,4
1976,mileymi01,Mike Miley,23,CAL,AL,14,44,38,4,7,2,0,0,4,1,0,4,8,.184,.256,.237,.493,50,9,1,0,1,1,1,6
1976,millafe01,Felix Millan,32,NYM,NL,139,587,531,55,150,25,2,1,35,2,4,41,19,.282,.341,.343,.684,101,182,15,7,6,2,5,*4
1976,millebr01,Bruce Miller,29,SFG,NL,12,27,25,1,4,1,0,0,2,0,0,2,5,.160,.222,.200,.422,20,5,0,0,0,0,1,/45
1976,milleri01,Rick Miller,28,BOS,AL,105,313,269,40,76,15,3,0,27,11,10,34,47,.283,.359,.361,.720,102,97,4,0,7,3,2,879/D
1976,milnejo01,John Milner,26,NYM,NL,127,511,443,56,120,25,4,15,78,0,7,65,53,.271,.362,.447,.809,137,198,12,0,0,3,1,*73
1976,mingost01,Steve Mingori,32,KCR,AL,3,0,0,0,0,0,0,0,0,0,0,0,0,,,,,,0,0,0,0,0,0,1
1976,minosmi01,Minnie Minoso,50,CHW,AL,3,8,8,0,1,0,0,0,0,0,0,0,2,.125,.125,.125,.250,-27,1,0,0,0,0,0,/D
1976,mintogr01,Greg Minton,24,SFG,NL,11,5,5,0,1,0,0,0,0,0,0,0,2,.200,.200,.200,.400,13,1,0,0,0,0,0,1
1976,mittege01,George Mitterwald,31,CHC,NL,101,325,303,19,65,7,0,5,28,1,2,16,63,.215,.249,.287,.536,48,87,9,0,0,6,2,23
1976,moateda01,Dave Moates,28,TEX,AL,85,153,137,21,33,7,1,0,13,6,3,11,18,.241,.293,.307,.600,75,42,0,0,3,2,2,89/D7
1976,moffira01,Randy Moffitt,27,SFG,NL,58,14,14,1,2,0,0,0,1,0,0,0,5,.143,.143,.143,.286,-19,2,0,0,0,0,0,1
1976,mondari01,Rick Monday,30,CHC,NL,137,601,534,107,145,20,5,32,77,5,9,60,125,.272,.346,.507,.853,133,271,7,2,2,3,8,83/7
1976,moneydo01,Don Money,29,MIL,AL,117,498,439,51,117,18,4,12,62,6,5,47,50,.267,.333,.408,.741,119,179,11,0,6,6,2,5D/6
1976,montawi01,Willie Montanez,28,TOT,NL,163,691,650,74,206,29,2,11,84,2,5,36,47,.317,.352,.418,.771,115,272,26,1,1,3,11,*3
1976,montawi01,Willie Montanez,28,SFG,NL,60,249,230,22,71,15,2,2,20,2,1,15,15,.309,.351,.417,.768,116,96,10,1,1,2,5,3
1976,montawi01,Willie Montanez,28,ATL,NL,103,442,420,52,135,14,0,9,64,0,4,21,32,.321,.353,.419,.772,114,176,16,0,0,1,6,3
1976,montejo01,John Montefusco,26,SFG,NL,38,91,78,3,8,1,0,0,3,0,0,5,42,.103,.165,.115,.280,-20,9,1,1,6,1,0,1
1976,montgbo01,Bob Montgomery,32,BOS,AL,31,99,93,10,23,3,1,3,13,0,1,5,20,.247,.283,.398,.681,89,37,1,0,0,1,1,2/D
1976,moorech02,Charlie Moore,23,MIL,AL,87,290,241,33,46,7,4,3,16,1,2,43,45,.191,.314,.290,.604,80,70,4,1,3,2,0,27/D5
1976,mooreju01,Junior Moore,23,ATL,NL,20,32,26,1,7,1,0,0,2,0,0,4,4,.269,.387,.308,.695,95,8,0,1,1,0,0,/547
1976,moosebo01,Bob Moose,28,PIT,NL,53,12,12,2,3,0,1,1,2,0,0,0,0,.250,.250,.667,.917,154,8,1,0,0,0,0,1
1976,moraan01,Andres Mora,21,BAL,AL,73,238,220,18,48,11,0,6,25,1,0,13,49,.218,.258,.350,.608,82,77,4,0,2,3,0,D7/9
1976,moralje01,Jerry Morales,27,CHC,NL,140,583,537,66,147,17,0,16,67,3,8,41,49,.274,.323,.395,.718,97,212,20,0,1,4,7,*9/8
1976,moraljo01,Jose Morales,31,MON,NL,104,165,158,12,50,11,0,4,37,0,0,3,20,.316,.333,.462,.795,120,73,5,2,0,2,3,32
1976,morenom01,Omar Moreno,23,PIT,NL,48,141,122,24,33,4,1,2,12,15,5,16,24,.270,.357,.369,.726,107,45,0,1,1,1,0,8/9
1976,moretro01,Roger Moret,26,ATL,NL,27,26,23,3,3,0,0,0,1,0,0,0,8,.130,.125,.130,.255,-29,3,0,0,2,1,0,1
1976,morgajo02,Joe Morgan,32,CIN,NL,141,599,472,113,151,30,5,27,111,60,9,114,41,.320,.444,.576,1.020,186,272,2,1,0,12,8,*4
1976,mortoca01,Carl Morton,32,ATL,NL,27,54,45,2,8,0,0,0,6,1,0,2,15,.178,.204,.178,.382,7,8,0,0,5,2,0,1
1976,motama01,Manny Mota,38,LAD,NL,50,60,52,1,15,3,0,0,13,0,0,7,5,.288,.367,.346,.713,106,18,1,0,0,1,3,/7
1976,mumphje01,Jerry Mumphrey,23,STL,NL,112,427,384,51,99,15,5,1,26,22,6,37,53,.258,.322,.331,.653,86,127,2,1,2,3,0,879
1976,munsoth01,Thurman Munson,29,NYY,AL,152,665,616,79,186,27,1,17,105,14,11,29,38,.302,.337,.432,.769,126,266,17,9,1,10,6,*2D/97
1976,murcebo01,Bobby Murcer,30,SFG,NL,147,624,533,73,138,20,2,23,90,12,7,84,78,.259,.362,.433,.796,124,231,11,4,0,3,10,*9
1976,murphda05,Dale Murphy,20,ATL,NL,19,72,65,3,17,6,0,0,9,0,0,7,9,.262,.333,.354,.687,91,23,0,0,0,0,0,2
1976,murrada01,Dale Murray,26,MON,NL,81,11,8,0,0,0,0,0,0,0,0,0,4,.000,.000,.000,.000,-100,0,0,0,3,0,0,1
1976,murrala01,Larry Murray,23,NYY,AL,8,11,10,2,1,0,0,0,1,2,0,1,2,.100,.182,.100,.282,-15,1,0,0,0,0,0,/89
1976,muserto01,Tony Muser,28,BAL,AL,136,356,326,25,74,7,1,1,30,1,1,21,34,.227,.270,.264,.534,62,86,9,0,4,5,4,*3D/78
1976,myricbo01,Bob Myrick,23,NYM,NL,21,3,3,0,0,0,0,0,1,0,0,0,2,.000,.000,.000,.000,-100,0,0,0,0,0,0,1
1976,nahorbi01,Bill Nahorodny,22,PHI,NL,3,5,5,0,1,1,0,0,0,0,0,0,0,.200,.200,.400,.600,66,2,0,0,0,0,0,/2
1976,nelsoda01,Dave Nelson,32,KCR,AL,78,171,153,24,36,4,2,1,17,15,5,14,26,.235,.298,.307,.605,77,47,1,0,3,1,0,4D/3
1976,nettlgr01,Graig Nettles,31,NYY,AL,158,657,583,88,148,29,2,32,93,11,6,62,94,.254,.327,.475,.802,135,277,8,4,2,5,6,*5/6
1976,newmaje01,Jeff Newman,27,OAK,AL,43,86,77,5,15,4,0,0,4,0,0,4,12,.195,.235,.247,.481,45,19,0,0,5,0,0,2
1976,niekrjo01,Joe Niekro,31,HOU,NL,36,32,27,1,5,2,0,1,1,0,0,1,8,.185,.214,.370,.585,71,10,0,0,4,0,0,1
1976,niekrph01,Phil Niekro,37,ATL,NL,38,105,94,5,18,3,0,1,12,0,1,0,8,.191,.198,.255,.453,25,24,3,1,9,1,0,1
1976,nolanga01,Gary Nolan,28,CIN,NL,34,88,79,1,8,0,0,0,3,0,0,3,33,.101,.134,.101,.235,-33,8,0,0,6,0,0,1
1976,nordbti01,Tim Nordbrook,26,TOT,AL,32,35,30,5,5,0,0,0,0,1,0,4,8,.167,.265,.167,.431,32,5,1,0,1,0,0,64/D
1976,nordbti01,Tim Nordbrook,26,BAL,AL,27,25,22,4,5,0,0,0,0,0,0,3,5,.227,.320,.227,.547,67,5,1,0,0,0,0,46/D
1976,nordbti01,Tim Nordbrook,26,CAL,AL,5,10,8,1,0,0,0,0,0,1,0,1,3,.000,.111,.000,.111,-64,0,0,0,1,0,0,/64
1976,nordhwa01,Wayne Nordhagen,27,CHW,AL,22,61,53,6,10,2,0,0,5,0,0,4,12,.189,.233,.226,.460,35,12,1,0,1,3,0,9/D2
1976,normafr01,Fred Norman,33,CIN,NL,33,59,50,1,7,0,0,0,1,0,0,1,9,.140,.154,.140,.294,-17,7,0,0,7,1,0,1
1976,northbi01,Bill North,28,OAK,AL,154,675,590,91,163,20,5,2,31,75,29,73,95,.276,.356,.337,.693,109,199,8,2,6,4,3,*8/D9
1976,nymanny01,Nyls Nyman,22,CHW,AL,8,15,15,2,2,1,0,0,1,1,0,0,3,.133,.133,.200,.333,-3,3,0,0,0,0,0,/78
1976,oatesjo01,Johnny Oates,30,PHI,NL,37,107,99,10,25,2,0,0,8,0,1,8,12,.253,.308,.273,.581,65,27,5,0,0,0,0,2
1976,officro01,Rowland Office,23,ATL,NL,99,407,359,51,101,17,1,4,34,2,8,37,49,.281,.348,.368,.716,99,132,4,2,5,4,3,8
1976,oglivbe01,Ben Oglivie,27,DET,AL,115,325,305,36,87,12,3,15,47,9,4,11,44,.285,.313,.492,.804,131,150,11,3,2,4,3,978/3D
1976,olivato01,Tony Oliva,37,MIN,AL,67,128,123,3,26,3,0,1,16,0,0,2,13,.211,.234,.260,.495,43,32,2,2,0,1,1,D
1976,oliveal01,Al Oliver,29,PIT,NL,121,481,443,62,143,22,5,12,61,6,2,26,29,.323,.363,.476,.839,137,211,13,5,1,6,7,8/3
1976,ontivst01,Steve Ontiveros,24,SFG,NL,59,82,74,8,13,3,0,0,5,0,0,6,11,.176,.244,.216,.460,31,16,2,1,0,1,0,/53789
1976,ortajo01,Jorge Orta,25,CHW,AL,158,688,636,74,174,29,8,14,72,24,8,38,77,.274,.316,.410,.726,111,261,15,5,1,8,2,75D/9
1976,otisam01,Amos Otis,29,KCR,AL,153,665,592,93,165,40,2,18,86,26,7,55,100,.279,.341,.444,.785,128,263,13,5,5,8,7,*8/D
1976,otted01,Ed Ott,24,PIT,NL,27,43,39,2,12,2,0,0,5,0,0,3,5,.308,.349,.359,.708,102,14,0,0,0,1,1,/2
1976,owchibo01,Bob Owchinko,21,SDP,NL,2,2,1,0,0,0,0,0,0,0,0,0,0,.000,.000,.000,.000,-100,0,0,0,1,0,0,/1
1976,pacioto01,Tom Paciorek,29,ATL,NL,111,350,324,39,94,10,4,4,36,2,3,19,57,.290,.333,.383,.716,99,124,8,3,2,2,2,973/85
1976,papeke01,Ken Pape,24,TEX,AL,21,30,23,7,5,1,0,1,4,0,1,3,2,.217,.357,.391,.748,118,9,1,2,2,0,1,/65D4
1976,parkeda01,Dave Parker,25,PIT,NL,138,573,537,82,168,28,10,13,90,19,7,30,80,.313,.349,.475,.824,133,255,16,2,0,4,6,*9
1976,parrila01,Larry Parrish,22,MON,NL,154,593,543,65,126,28,5,11,61,2,6,41,91,.232,.285,.363,.648,80,197,13,2,1,6,2,*5
1976,pasleke01,Kevin Pasley,22,LAD,NL,23,56,52,4,12,2,0,0,2,0,0,3,7,.231,.273,.269,.542,56,14,0,0,1,0,1,2
1976,patekfr01,Freddie Patek,31,KCR,AL,144,504,432,58,104,19,3,1,43,51,15,50,63,.241,.318,.306,.624,83,132,6,2,13,6,5,*6/D
1976,pattima01,Marty Pattin,33,KCR,AL,1,0,0,0,0,0,0,0,0,0,0,0,0,,,,,,0,0,0,0,0,0,1
1976,pentzge01,Gene Pentz,23,HOU,NL,40,6,5,1,1,0,0,0,0,0,0,1,1,.200,.333,.200,.533,61,1,0,0,0,0,0,1
1976,perezma01,Marty Perez,30,TOT,NL,124,484,428,49,110,17,1,3,32,3,4,38,37,.257,.315,.322,.637,80,138,8,0,14,4,0,46/5
1976,perezma01,Marty Perez,30,ATL,NL,31,109,96,12,24,4,0,1,6,0,0,8,9,.250,.305,.323,.628,75,31,6,0,4,1,0,46/5
1976,perezma01,Marty Perez,30,SFG,NL,93,375,332,37,86,13,1,2,26,3,4,30,28,.259,.318,.322,.640,81,107,2,0,10,3,0,4/6
1976,perezto01,Tony Perez,34,CIN,NL,139,586,527,77,137,32,6,19,91,10,5,50,88,.260,.328,.452,.779,118,238,10,5,0,4,9,*3
1976,petrori01,Rico Petrocelli,33,BOS,AL,85,279,240,17,51,7,1,3,24,0,5,34,36,.213,.307,.288,.594,67,69,9,0,2,3,3,5/4D36
1976,phillmi01,Mike Phillips,25,NYM,NL,87,296,262,30,67,4,6,4,29,2,2,25,29,.256,.315,.363,.678,99,95,2,0,3,5,8,645
1976,pinielo01,Lou Piniella,32,NYY,AL,100,351,327,36,92,16,6,3,38,0,1,18,34,.281,.322,.394,.716,111,129,4,2,3,1,8,9D7
1976,plummbi01,Bill Plummer,29,CIN,NL,56,168,153,16,38,6,1,4,19,0,2,14,36,.248,.311,.379,.690,94,58,7,0,1,0,0,2
1976,pocorbi01,Biff Pocoroba,22,ATL,NL,54,196,174,16,42,7,0,0,14,1,0,19,12,.241,.313,.282,.594,66,49,8,0,1,2,2,2
1976,poledi01,Dick Pole,25,BOS,AL,1,1,1,0,0,0,0,0,0,0,0,0,0,.000,.000,.000,.000,-100,0,0,0,0,0,0,1
1976,poqueto01,Tom Poquette,24,KCR,AL,104,381,344,43,104,18,10,2,34,6,5,29,31,.302,.361,.430,.792,130,148,9,4,2,2,3,79/D
1976,porteda02,Darrell Porter,24,MIL,AL,119,449,389,43,81,14,1,5,32,2,0,51,61,.208,.298,.288,.586,74,112,4,1,3,5,3,*2/D
1976,pottemi01,Mike Potter,25,STL,NL,9,17,16,0,0,0,0,0,0,0,0,1,6,.000,.059,.000,.059,-82,0,0,0,0,0,0,/7
1976,powelbo01,Boog Powell,34,CLE,AL,95,343,293,29,63,9,0,9,33,1,1,41,43,.215,.305,.338,.643,90,99,10,0,2,7,3,3
1976,prolymi01,Mike Proly,25,STL,NL,14,1,0,0,0,0,0,0,0,0,0,0,0,,,,,,0,0,0,1,0,0,1
1976,pruitro01,Ron Pruitt,24,CLE,AL,47,104,86,7,23,1,1,0,5,2,3,16,8,.267,.375,.302,.677,103,26,1,0,0,2,1,97/52D38
1976,pryorgr01,Greg Pryor,26,TEX,AL,5,9,8,2,3,0,0,0,1,0,0,0,1,.375,.375,.375,.750,119,3,0,0,1,0,0,/456
1976,putmaed01,Ed Putman,22,CHC,NL,5,7,7,0,3,0,0,0,0,0,0,0,0,.429,.429,.429,.857,137,3,2,0,0,0,0,/23
1976,quirkja01,Jamie Quirk,21,KCR,AL,64,119,114,11,28,6,0,1,15,0,0,2,22,.246,.252,.325,.577,67,37,5,0,0,3,0,D65/3
1976,raderda01,Dave Rader,27,SFG,NL,88,284,255,25,67,15,0,1,22,2,0,27,21,.263,.332,.333,.665,88,85,12,0,1,1,8,2
1976,raderdo02,Doug Rader,31,SDP,NL,139,540,471,45,121,22,4,9,55,3,4,55,102,.257,.335,.378,.712,110,178,12,3,5,6,3,*5
1976,ramiror01,Orlando Ramirez,24,CAL,AL,30,83,70,3,14,1,0,0,5,3,2,6,11,.200,.263,.214,.477,46,15,2,0,7,0,0,6
1976,randabo01,Bob Randall,28,MIN,AL,153,531,475,55,127,18,4,1,34,3,5,28,38,.267,.317,.328,.646,88,156,6,8,17,3,0,*4
1976,randlle01,Lenny Randle,27,TEX,AL,142,597,539,53,121,11,6,1,51,30,15,46,63,.224,.286,.273,.559,63,147,4,2,6,4,2,*47/58D9
1976,randowi01,Willie Randolph,21,NYY,AL,125,499,430,59,115,15,4,1,40,37,12,58,39,.267,.356,.328,.684,103,141,10,3,6,3,5,*4
1976,rasmuer01,Eric Rasmussen,24,STL,NL,43,44,38,0,4,1,0,0,2,0,0,2,15,.105,.150,.132,.282,-20,5,1,0,4,0,0,1
1976,raudo01,Doug Rau,27,LAD,NL,34,76,60,5,9,0,0,0,2,0,0,7,15,.150,.235,.150,.385,12,9,4,0,8,1,0,1
1976,reedro01,Ron Reed,33,PHI,NL,59,26,24,2,4,1,0,0,2,0,0,0,3,.167,.167,.208,.375,5,5,0,0,2,0,0,1
1976,reitzke01,Ken Reitz,25,SFG,NL,155,614,577,40,154,21,1,5,66,5,4,24,48,.267,.293,.333,.626,76,192,24,1,3,9,5,*5/6
1976,remyje01,Jerry Remy,23,CAL,AL,143,557,502,64,132,14,3,0,28,35,16,38,43,.263,.313,.303,.615,87,152,5,0,13,4,1,*4/D
1976,renkost01,Steve Renko,31,TOT,NL,34,60,56,3,6,0,0,0,1,0,0,0,17,.107,.107,.107,.214,-41,6,3,0,4,0,0,1
1976,renkost01,Steve Renko,31,MON,NL,5,3,3,0,1,0,0,0,0,0,0,0,1,.333,.333,.333,.667,86,1,0,0,0,0,0,/1
1976,renkost01,Steve Renko,31,CHC,NL,29,57,53,3,5,0,0,0,1,0,0,0,16,.094,.094,.094,.189,-48,5,3,0,4,0,0,1
1976,retteme01,Merv Rettenmund,33,SDP,NL,86,172,140,16,32,7,0,2,11,4,1,29,23,.229,.361,.321,.682,103,45,3,0,3,0,0,79/8
1976,reuscpa01,Paul Reuschel,29,CHC,NL,50,15,13,0,2,0,0,0,1,0,0,1,4,.154,.200,.154,.354,-1,2,0,0,0,1,0,1
1976,reuscri01,Rick Reuschel,27,CHC,NL,38,97,83,9,19,4,0,0,6,0,0,6,16,.229,.289,.277,.566,57,23,2,1,7,0,0,1
1976,reussje01,Jerry Reuss,27,PIT,NL,31,78,66,7,16,1,1,0,8,0,0,9,22,.242,.333,.288,.621,78,19,0,0,3,0,0,1
1976,reynocr01,Craig Reynolds,23,PIT,NL,7,4,4,1,1,0,0,1,1,0,0,0,0,.250,.250,1.000,1.250,243,4,0,0,0,0,0,/64
1976,reynoke01,Ken Reynolds,29,SDP,NL,19,5,5,0,0,0,0,0,0,0,0,0,0,.000,.000,.000,.000,-100,0,0,0,0,0,0,1
1976,rhoderi01,Rick Rhoden,23,LAD,NL,27,73,65,6,20,3,0,1,9,0,0,1,12,.308,.318,.400,.718,105,26,1,0,7,0,0,1
1976,riccefr01,Frank Riccelli,23,SFG,NL,4,6,6,0,1,0,0,0,0,0,0,0,3,.167,.167,.167,.333,-6,1,0,0,0,0,0,/1
1976,riceji01,Jim Rice,23,BOS,AL,153,624,581,75,164,25,8,25,85,8,5,28,123,.282,.315,.482,.797,120,280,18,4,2,9,2,7D
1976,richaj.01,J.R. Richard,26,HOU,NL,39,105,100,6,14,1,0,2,9,0,0,0,33,.140,.146,.210,.356,4,21,0,1,1,2,0,1
1976,richale01,Lee Richard,27,STL,NL,66,97,91,12,16,4,2,0,5,1,0,4,9,.176,.211,.264,.474,34,24,4,0,2,0,1,46/5
1976,riverbo01,Bombo Rivera,23,MON,NL,68,199,185,22,51,11,4,2,19,1,0,13,32,.276,.323,.411,.734,104,76,5,0,1,0,1,79
1976,rivermi01,Mickey Rivers,27,NYY,AL,137,612,590,95,184,31,8,8,67,43,7,13,51,.312,.327,.432,.760,123,255,3,3,2,5,0,*8
1976,roberle01,Leon Roberts,25,HOU,NL,87,260,235,31,68,11,2,7,33,1,0,19,43,.289,.347,.443,.790,133,104,2,3,1,2,1,79
1976,roberbo01,Bob Robertson,29,PIT,NL,61,147,129,10,28,5,1,2,25,0,1,16,23,.217,.299,.318,.617,76,41,1,0,0,2,0,3
1976,robinbi02,Bill Robinson,33,PIT,NL,122,416,393,55,119,22,3,21,64,2,4,16,73,.303,.329,.534,.864,143,210,14,1,3,3,1,5987/3
1976,robinbr01,Brooks Robinson,39,BAL,AL,71,232,218,16,46,8,2,3,11,0,0,8,24,.211,.240,.307,.548,64,67,5,1,3,2,0,5
1976,robincr01,Craig Robinson,27,TOT,NL,30,40,30,8,8,1,0,0,5,0,1,8,6,.267,.410,.300,.710,101,9,0,0,1,1,0,4/56
1976,robincr01,Craig Robinson,27,SFG,NL,15,17,13,4,4,1,0,0,2,0,1,3,4,.308,.438,.385,.822,134,5,0,0,1,0,0,/456
1976,robincr01,Craig Robinson,27,ATL,NL,15,23,17,4,4,0,0,0,3,0,0,5,2,.235,.391,.235,.627,77,4,0,0,0,1,0,/465
1976,robinfr02,Frank Robinson,40,CLE,AL,36,79,67,5,15,0,0,3,10,0,0,11,12,.224,.329,.358,.687,104,24,3,0,0,1,0,D/37
1976,roblese01,Sergio Robles,30,LAD,NL,6,3,3,0,0,0,0,0,0,0,0,0,2,.000,.000,.000,.000,-100,0,0,0,0,0,0,/2
1976,rockepa01,Pat Rockett,21,ATL,NL,4,5,5,0,1,0,0,0,0,0,0,0,1,.200,.200,.200,.400,11,1,0,0,0,0,0,/6
1976,rodriau01,Aurelio Rodriguez,28,DET,AL,128,514,480,40,115,13,2,8,50,0,4,19,61,.240,.267,.325,.592,71,156,19,1,9,5,3,*5
1976,rodriel01,Ellie Rodriguez,30,LAD,NL,36,90,66,10,14,0,0,0,9,0,0,19,12,.212,.400,.212,.612,80,14,1,3,0,2,2,2
1976,roeniga01,Gary Roenicke,21,MON,NL,29,96,90,9,20,3,1,2,5,0,0,4,18,.222,.260,.344,.605,68,31,1,1,0,1,0,9/7
1976,rogerst01,Steve Rogers,26,MON,NL,35,81,74,2,11,0,0,0,4,1,0,1,24,.149,.160,.149,.309,-13,11,1,0,6,0,0,1
1976,rojasco01,Cookie Rojas,37,KCR,AL,63,145,132,11,32,6,0,0,16,2,0,8,15,.242,.280,.288,.568,66,38,5,0,2,3,0,4/D53
1976,rondogi01,Gil Rondon,22,HOU,NL,19,16,14,1,4,0,0,0,1,0,0,0,4,.286,.286,.286,.571,70,4,1,0,2,0,0,1
1976,roofph01,Phil Roof,35,TOT,AL,22,57,55,1,11,3,0,0,4,0,0,2,9,.200,.228,.255,.483,40,14,2,0,0,0,0,2/D
1976,roofph01,Phil Roof,35,MIN,AL,18,48,46,1,10,3,0,0,4,0,0,2,6,.217,.250,.283,.533,54,13,1,0,0,0,0,2/D
1976,roofph01,Phil Roof,35,CHW,AL,4,9,9,0,1,0,0,0,0,0,0,0,3,.111,.111,.111,.222,-35,1,1,0,0,0,0,/2
1976,rookeji01,Jim Rooker,33,PIT,NL,33,81,74,9,16,2,1,1,6,0,0,1,31,.216,.224,.311,.534,51,23,1,0,5,1,0,1
1976,rosarji01,Jimmy Rosario,31,MIL,AL,15,40,37,4,7,0,0,1,5,1,3,3,8,.189,.250,.270,.520,54,10,0,0,0,0,0,7/D8
1976,rosepe01,Pete Rose,35,CIN,NL,162,759,665,130,215,42,6,10,63,9,5,86,54,.323,.404,.450,.854,141,299,17,6,0,2,7,*5/9
1976,roselda01,Dave Rosello,26,CHC,NL,91,271,227,27,55,5,1,1,11,1,2,41,33,.242,.359,.286,.646,80,65,4,1,1,1,8,6/4
1976,roystje01,Jerry Royster,23,ATL,NL,149,605,533,65,132,13,1,5,45,24,13,52,53,.248,.313,.304,.617,72,162,11,1,14,5,4,*5/6
1976,rudijo01,Joe Rudi,29,OAK,AL,130,558,500,54,135,32,3,13,94,6,1,41,71,.270,.323,.424,.747,123,212,14,3,3,10,10,*7/38D
1976,rudolke01,Ken Rudolph,29,STL,NL,27,51,50,1,8,3,0,0,5,0,0,1,7,.160,.176,.220,.396,12,11,2,0,0,0,0,2
1976,russebi01,Bill Russell,27,LAD,NL,149,590,554,53,152,17,3,5,65,15,5,21,46,.274,.301,.343,.644,85,190,14,3,6,6,9,*6
1976,ruthvdi01,Dick Ruthven,25,ATL,NL,37,89,76,6,13,1,0,0,5,0,1,3,21,.171,.213,.184,.397,11,14,1,1,9,0,0,1
1976,sadekmi01,Mike Sadek,30,SFG,NL,55,109,93,8,19,2,0,0,7,0,0,11,10,.204,.295,.226,.521,49,21,2,1,4,0,2,2
1976,sambijo01,Joe Sambito,24,HOU,NL,20,12,9,1,2,0,0,0,1,0,0,3,2,.222,.417,.222,.639,93,2,0,0,0,0,0,1
1976,sandeke01,Ken Sanders,34,TOT,MLB,31,2,2,0,0,0,0,0,0,0,0,0,0,.000,.000,.000,.000,-100,0,0,0,0,0,0,1
1976,sandeke01,Ken Sanders,34,NYM,NL,31,2,2,0,0,0,0,0,0,0,0,0,0,.000,.000,.000,.000,-100,0,0,0,0,0,0,1
1976,sandtto01,Tommy Sandt,25,OAK,AL,41,75,67,6,14,1,0,0,3,0,0,7,9,.209,.284,.224,.508,54,15,1,0,1,0,0,6/45
1976,sanguma01,Manny Sanguillen,32,PIT,NL,114,426,389,52,113,16,6,2,36,2,4,28,18,.290,.338,.378,.716,104,147,14,2,3,4,14,*2
1976,sarmima01,Manny Sarmiento,20,CIN,NL,22,7,7,0,0,0,0,0,0,0,0,0,1,.000,.000,.000,.000,-100,0,0,0,0,0,0,1
1976,sawyeri01,Rick Sawyer,28,SDP,NL,13,31,24,2,5,0,0,0,2,0,0,2,2,.208,.269,.208,.478,42,5,0,0,5,0,0,1
1976,scanlpa02,Pat Scanlon,23,MON,NL,11,30,27,2,5,1,0,1,2,0,0,2,5,.185,.241,.333,.575,59,9,1,0,1,0,0,/53
1976,scherfr01,Fred Scherman,31,MON,NL,31,5,4,0,1,0,0,0,0,0,0,0,0,.250,.250,.250,.500,40,1,0,0,1,0,0,1
1976,schmimi01,Mike Schmidt,26,PHI,NL,160,705,584,112,153,31,4,38,107,14,9,100,149,.262,.376,.524,.900,151,306,7,11,3,7,8,*5
1976,schuero01,Ron Schueler,28,PHI,NL,35,3,2,0,0,0,0,0,1,0,0,0,2,.000,.000,.000,.000,-100,0,0,0,1,0,0,1
1976,schulbu01,Buddy Schultz,25,CHC,NL,29,4,4,0,0,0,0,0,0,0,0,0,0,.000,.000,.000,.000,-100,0,0,0,0,0,0,1
1976,scottge02,George Scott,32,MIL,AL,156,671,606,73,166,21,5,18,77,0,1,53,118,.274,.334,.414,.748,121,251,19,5,0,7,6,*3
1976,scottmi02,Mickey Scott,28,CAL,AL,3,0,0,1,0,0,0,0,0,0,0,0,0,,,,,,0,0,0,0,0,0,1
1976,scottro01,Rodney Scott,22,MON,NL,7,11,10,3,4,0,0,0,0,2,0,1,1,.400,.455,.400,.855,140,4,0,0,0,0,0,/46
1976,scrivch01,Chuck Scrivener,28,DET,AL,80,244,222,28,49,7,1,2,16,1,0,19,34,.221,.282,.288,.570,66,64,2,0,3,0,0,46/5
1976,seaveto01,Tom Seaver,31,NYM,NL,35,100,82,5,7,0,0,0,3,0,0,9,26,.085,.176,.085,.261,-21,7,1,0,9,0,0,1
1976,sharpbi01,Bill Sharp,26,MIL,AL,78,195,180,16,44,4,0,0,11,1,3,10,15,.244,.288,.267,.555,65,48,3,1,4,0,0,987/D
1976,shopato01,Tom Shopay,31,BAL,AL,14,23,20,4,4,0,0,0,1,1,0,3,3,.200,.304,.200,.504,54,4,0,0,0,0,0,/7982
1976,siebepa01,Paul Siebert,23,HOU,NL,19,2,2,0,0,0,0,0,0,0,0,0,0,.000,.000,.000,.000,-100,0,0,0,0,0,0,1
1976,simmote01,Ted Simmons,26,STL,NL,150,625,546,60,159,35,3,5,75,0,7,73,35,.291,.371,.394,.765,117,215,9,0,0,6,19,*23/75
1976,simpsjo01,Joe Simpson,24,LAD,NL,23,31,30,2,4,1,0,0,0,0,1,1,6,.133,.161,.167,.328,-6,5,0,0,0,0,0,/987
1976,singlke01,Ken Singleton,29,BAL,AL,154,630,544,62,151,25,2,13,70,2,2,79,76,.278,.366,.403,.769,132,219,14,0,2,5,6,*79D
1976,sizemte01,Ted Sizemore,31,LAD,NL,84,292,266,18,64,8,1,0,18,2,3,15,22,.241,.280,.278,.558,61,74,5,0,10,1,1,4/52
1976,smallro02,Roy Smalley,23,TOT,AL,144,619,513,61,133,18,3,3,44,2,4,76,106,.259,.356,.324,.679,99,166,11,2,25,2,4,64
1976,smallro02,Roy Smalley,23,TEX,AL,41,164,129,15,29,2,0,1,8,2,0,29,27,.225,.363,.264,.626,85,34,4,0,3,2,3,4/6
1976,smallro02,Roy Smalley,23,MIN,AL,103,455,384,46,104,16,3,2,36,0,4,47,79,.271,.353,.344,.697,103,132,7,2,22,0,1,6
1976,smithbi05,Billy Smith,22,CAL,AL,13,9,8,0,3,0,0,0,0,0,0,0,2,.375,.375,.375,.750,128,3,0,0,1,0,0,6/D
1976,smithre06,Reggie Smith,31,TOT,NL,112,430,395,55,100,15,5,18,49,3,2,32,70,.253,.312,.453,.765,116,179,8,2,0,1,6,935/8
1976,smithre06,Reggie Smith,31,STL,NL,47,185,170,20,37,7,1,8,23,1,2,14,28,.218,.281,.412,.693,95,70,4,1,0,0,2,359/8
1976,smithre06,Reggie Smith,31,LAD,NL,65,245,225,35,63,8,4,10,26,2,0,18,42,.280,.335,.484,.819,133,109,4,1,0,1,4,9/5
1976,smithto04,Tommy Smith,27,CLE,AL,55,173,164,17,42,3,1,2,12,8,0,8,8,.256,.289,.323,.612,81,53,4,0,0,1,2,97/D
1976,solaito01,Tony Solaita,29,TOT,AL,94,329,283,29,74,13,0,9,42,1,1,40,61,.261,.348,.403,.750,125,114,4,0,1,5,3,3D
1976,solaito01,Tony Solaita,29,KCR,AL,31,77,68,4,16,4,0,0,9,0,0,6,17,.235,.286,.294,.580,69,20,0,0,0,3,0,D/3
1976,solaito01,Tony Solaita,29,CAL,AL,63,252,215,25,58,9,0,9,33,1,1,34,44,.270,.367,.437,.804,143,94,4,0,1,2,3,3/D
1976,solomed01,Eddie Solomon,25,STL,NL,26,5,5,0,2,1,0,0,4,0,0,0,3,.400,.400,.600,1.000,181,3,0,0,0,0,0,1
1976,sosael01,Elias Sosa,26,TOT,NL,45,8,7,0,1,0,0,0,0,0,0,0,0,.143,.143,.143,.286,-20,1,0,0,1,0,0,1
1976,sosael01,Elias Sosa,26,ATL,NL,21,7,7,0,1,0,0,0,0,0,0,0,0,.143,.143,.143,.286,-20,1,0,0,0,0,0,1
1976,sosael01,Elias Sosa,26,LAD,NL,24,1,0,0,0,0,0,0,0,0,0,0,0,,,,,,0,0,0,1,0,0,1
1976,sosajo01,Jose Sosa,23,HOU,NL,9,0,0,0,0,0,0,0,0,0,0,0,0,,,,,,0,0,0,0,0,0,/1
1976,speiech01,Chris Speier,26,SFG,NL,145,572,495,51,112,18,4,3,40,2,2,60,52,.226,.311,.297,.608,72,147,16,4,6,7,1,*6/453
1976,spencji01,Jim Spencer,28,CHW,AL,150,578,518,53,131,13,2,14,70,6,4,49,52,.253,.315,.367,.682,99,190,10,1,4,7,19,*3/D
1976,sperrro01,Rob Sperring,26,CHC,NL,43,107,93,8,24,3,0,0,7,0,2,9,25,.258,.320,.290,.611,69,27,2,0,4,1,0,56/47
1976,spikech01,Charlie Spikes,25,CLE,AL,101,365,334,34,79,11,5,3,31,5,6,23,50,.237,.294,.326,.620,84,109,4,5,1,2,3,9/D7
1976,spillda01,Dan Spillner,24,SDP,NL,33,28,25,2,1,0,0,0,0,0,0,3,8,.040,.143,.040,.183,-44,1,1,0,0,0,0,1
1976,splitpa01,Paul Splittorff,29,KCR,AL,1,0,0,0,0,0,0,0,0,0,0,0,0,,,,,,0,0,0,0,0,0,1
1976,staigro01,Roy Staiger,26,NYM,NL,95,335,304,23,67,8,1,2,26,3,3,25,35,.220,.278,.273,.551,62,83,8,1,1,4,6,5/6
1976,stanhdo01,Don Stanhouse,25,MON,NL,34,61,52,7,11,2,0,0,3,0,0,5,13,.212,.281,.250,.531,49,13,0,0,4,0,0,1
1976,stanlfr01,Fred Stanley,28,NYY,AL,110,306,260,32,62,2,2,1,20,1,0,34,29,.238,.329,.273,.602,79,71,5,1,11,0,0,*6/4
1976,stanlmi01,Mickey Stanley,33,DET,AL,84,229,214,34,55,17,1,4,29,2,0,14,19,.257,.301,.402,.703,103,86,7,0,0,1,1,8375/964D
1976,stantle01,Leroy Stanton,30,CAL,AL,93,264,231,12,44,13,1,2,25,2,6,24,57,.190,.266,.281,.548,66,65,9,1,5,3,1,789/D
1976,stargwi01,Willie Stargell,36,PIT,NL,117,487,428,54,110,20,3,20,65,2,0,50,101,.257,.339,.458,.797,125,196,4,5,0,4,6,*3
1976,staubru01,Rusty Staub,32,DET,AL,161,690,589,73,176,28,3,15,96,3,1,83,49,.299,.386,.433,.818,137,255,23,7,0,11,11,*9D
1976,stearjo01,John Stearns,24,NYM,NL,32,121,103,13,27,6,0,2,10,1,2,16,11,.262,.364,.379,.742,118,39,4,1,0,1,0,2
1976,steinbi02,Bill Stein,29,CHW,AL,117,422,392,32,105,15,2,4,36,4,2,22,67,.268,.310,.347,.657,92,136,8,2,6,0,3,45/3D96
1976,stennre01,Rennie Stennett,25,PIT,NL,157,682,654,59,168,31,9,2,60,18,6,19,32,.257,.277,.341,.618,75,223,15,1,4,4,2,*4/6
1976,stillro02,Royle Stillman,25,BAL,AL,20,25,22,0,2,0,0,0,1,0,0,3,4,.091,.200,.091,.291,-10,2,0,0,0,0,1,/D3
1976,stinsbo01,Bob Stinson,30,KCR,AL,79,244,209,26,55,7,1,2,25,3,1,25,29,.263,.342,.335,.677,98,70,5,1,6,2,2,2
1976,stonest01,Steve Stone,28,CHC,NL,17,22,21,1,3,0,0,0,0,0,0,0,9,.143,.143,.143,.286,-21,3,0,0,1,0,0,1
1976,strombr01,Brent Strom,27,SDP,NL,38,79,63,4,4,0,1,0,1,0,0,5,18,.063,.130,.095,.226,-33,6,1,0,10,1,0,1
1976,summech01,Champ Summers,30,CHC,NL,83,142,126,11,26,2,0,3,13,1,0,13,31,.206,.284,.294,.577,59,37,3,1,1,1,1,73/92
1976,sundbji01,Jim Sundberg,25,TEX,AL,140,496,448,33,102,24,2,3,34,0,0,37,61,.228,.285,.310,.596,74,139,15,0,9,2,0,*2
1976,sutclri01,Rick Sutcliffe,20,LAD,NL,1,1,1,0,0,0,0,0,0,0,0,0,1,.000,.000,.000,.000,-100,0,0,0,0,0,0,/1
1976,suthega01,Gary Sutherland,31,TOT,AL,101,255,232,19,49,7,2,1,15,0,3,15,19,.211,.258,.272,.529,55,63,12,1,3,4,2,4/D3
1976,suthega01,Gary Sutherland,31,DET,AL,42,125,117,10,24,5,2,0,6,0,1,7,12,.205,.248,.282,.530,54,33,5,0,0,1,0,4
1976,suthega01,Gary Sutherland,31,MIL,AL,59,130,115,9,25,2,0,1,9,0,2,8,7,.217,.268,.261,.529,57,30,7,1,3,3,2,4/D3
1976,suttebr01,Bruce Sutter,23,CHC,NL,52,9,8,0,0,0,0,0,0,0,0,1,6,.000,.111,.000,.111,-67,0,0,0,0,0,0,1
1976,suttodo01,Don Sutton,31,LAD,NL,35,99,84,2,7,1,0,0,3,0,0,6,19,.083,.144,.095,.240,-30,8,3,0,9,0,0,1
1976,swancr01,Craig Swan,25,NYM,NL,23,49,39,3,4,0,0,0,1,0,0,3,17,.103,.186,.103,.289,-13,4,0,1,6,0,0,1
1976,swishst01,Steve Swisher,24,CHC,NL,109,411,377,25,89,13,3,5,42,2,1,20,82,.236,.275,.326,.601,65,123,11,2,7,5,3,2
1976,tabbje01,Jerry Tabb,24,CHC,NL,11,27,24,2,7,0,0,0,0,0,0,3,2,.292,.370,.292,.662,84,7,0,0,0,0,0,/3
1976,tamarjo01,John Tamargo,24,STL,NL,10,14,10,2,3,0,0,0,1,0,0,3,0,.300,.429,.300,.729,109,3,1,0,0,1,0,/2
1976,tananfr01,Frank Tanana,22,CAL,AL,2,0,0,0,0,0,0,0,0,0,0,0,0,,,,,,0,0,0,0,0,0,1/D
1976,taveral01,Alex Taveras,20,HOU,NL,14,48,46,3,10,0,0,0,2,1,2,2,1,.217,.250,.217,.467,39,10,2,0,0,0,0,/46
1976,taverfr01,Frank Taveras,26,PIT,NL,144,573,519,76,134,8,6,0,24,58,11,44,79,.258,.321,.297,.618,77,154,11,4,6,0,1,*6
1976,tayloch02,Chuck Taylor,34,MON,NL,31,3,3,0,0,0,0,0,0,0,0,0,1,.000,.000,.000,.000,-100,0,0,0,0,0,0,1
1976,tayloto02,Tony Taylor,40,PHI,NL,26,26,23,2,6,1,0,0,3,0,0,1,7,.261,.320,.304,.624,76,7,0,1,1,0,0,/45
1976,tekulke01,Kent Tekulve,29,PIT,NL,64,10,9,0,0,0,0,0,0,0,0,0,6,.000,.000,.000,.000,-100,0,0,0,1,0,0,1
1976,templga01,Garry Templeton,20,STL,NL,53,225,213,32,62,8,2,1,17,11,7,7,33,.291,.314,.362,.675,91,77,1,1,2,2,0,6
1976,tenacge01,Gene Tenace,29,OAK,AL,128,508,417,64,104,19,1,22,66,5,4,81,91,.249,.373,.458,.831,149,191,7,4,1,5,2,32/D
1976,terreje01,Jerry Terrell,29,MIN,AL,89,186,171,29,42,3,1,0,8,11,2,9,15,.246,.286,.275,.561,63,47,4,1,4,1,0,456D/798
1976,thomada01,Dan Thomas,25,MIL,AL,32,121,105,13,29,5,1,4,15,1,2,14,28,.276,.372,.457,.829,145,48,1,2,0,0,1,7
1976,thomade01,Derrel Thomas,25,SFG,NL,81,313,272,38,63,5,4,2,19,10,11,29,26,.232,.313,.301,.614,74,82,5,4,6,2,0,4/5896
1976,thomago01,Gorman Thomas,25,MIL,AL,99,267,227,27,45,9,2,8,36,2,3,31,67,.198,.294,.361,.655,93,82,7,1,5,3,1,89/5D7
1976,thomaga01,Gary Thomasson,24,SFG,NL,103,361,328,45,85,20,5,8,38,8,3,30,45,.259,.321,.424,.745,109,139,4,1,0,2,7,389/7
1976,thompda01,Danny Thompson,29,TOT,AL,98,347,320,21,71,7,0,1,19,3,3,16,27,.222,.261,.253,.514,50,81,6,2,6,3,0,654/D
1976,thompda01,Danny Thompson,29,MIN,AL,34,131,124,9,29,4,0,0,6,1,1,3,8,.234,.256,.266,.522,52,33,1,1,2,1,0,6
1976,thompda01,Danny Thompson,29,TEX,AL,64,216,196,12,42,3,0,1,13,2,2,13,19,.214,.264,.245,.509,49,48,5,1,4,2,0,546/D
1976,thompja01,Jason Thompson,21,DET,AL,123,486,412,45,90,12,1,17,54,2,4,68,72,.218,.328,.376,.704,104,155,8,1,1,4,6,*3
1976,thornan01,Andre Thornton,26,TOT,NL,96,327,268,28,52,11,2,11,38,4,1,48,46,.194,.323,.373,.696,93,100,1,5,1,4,1,39
1976,thornan01,Andre Thornton,26,CHC,NL,27,108,85,8,17,6,0,2,14,2,0,20,14,.200,.361,.341,.702,95,29,0,2,0,1,1,3
1976,thornan01,Andre Thornton,26,MON,NL,69,219,183,20,35,5,2,9,24,2,1,28,32,.191,.304,.388,.692,92,71,1,3,1,3,0,39
1976,tiantlu01,Luis Tiant,35,BOS,AL,1,1,1,0,0,0,0,0,0,0,0,0,1,.000,.000,.000,.000,-100,0,0,0,0,0,0,1
1976,tidrodi01,Dick Tidrow,29,NYY,AL,1,0,0,0,0,0,0,0,0,0,0,0,0,,,,,,0,0,0,0,0,0,1
1976,toddji01,Jim Todd,28,OAK,AL,1,0,0,0,0,0,0,0,0,0,0,0,0,,,,,,0,0,0,0,0,0,1
1976,tolanbo01,Bobby Tolan,30,PHI,NL,110,290,272,32,71,7,0,5,35,10,5,7,39,.261,.285,.342,.627,76,93,8,4,2,5,3,378/9
1976,tomlida01,Dave Tomlin,27,SDP,NL,49,9,8,2,0,0,0,0,0,0,0,1,2,.000,.111,.000,.111,-65,0,0,0,0,0,0,1
1976,tomsto01,Tommy Toms,24,SFG,NL,7,0,0,0,0,0,0,0,0,0,0,0,0,,,,,,0,0,0,0,0,0,/1
1976,torrejo01,Joe Torre,35,NYM,NL,114,340,310,36,95,10,3,5,31,1,3,21,35,.306,.358,.406,.764,124,126,16,5,2,2,1,3/5
1976,torrepa01,Pablo Torrealba,28,ATL,NL,36,4,4,0,0,0,0,0,0,0,0,0,1,.000,.000,.000,.000,-100,0,0,0,0,0,0,1
1976,torrehe01,Hector Torres,30,SDP,NL,74,237,215,8,42,6,0,4,15,2,1,16,31,.195,.254,.279,.533,57,60,8,1,3,0,3,6/54
1976,torreru01,Rusty Torres,27,CAL,AL,120,310,264,37,54,16,3,6,27,4,4,36,39,.205,.299,.356,.655,98,94,4,0,8,1,3,8/D59
1976,torremi01,Mike Torrez,29,OAK,AL,1,0,0,0,0,0,0,0,0,0,0,0,0,,,,,,0,0,0,0,0,0,1
1976,tovarce01,Cesar Tovar,35,TOT,AL,42,97,84,3,14,1,0,0,6,1,3,8,7,.167,.263,.179,.442,33,15,0,3,2,0,1,D7/948
1976,tovarce01,Cesar Tovar,35,OAK,AL,29,52,45,1,8,0,0,0,4,1,2,4,4,.178,.275,.178,.452,38,8,0,2,1,0,0,7/D98
1976,tovarce01,Cesar Tovar,35,NYY,AL,13,45,39,2,6,1,0,0,2,0,1,4,3,.154,.250,.179,.429,28,7,0,1,1,0,1,D/4
1976,trillma01,Manny Trillo,25,CHC,NL,158,649,582,42,139,24,3,4,59,17,6,53,70,.239,.304,.311,.615,70,181,17,3,7,4,4,*4/6
1976,turneje01,Jerry Turner,22,SDP,NL,105,320,281,41,75,16,5,5,37,12,6,32,38,.267,.339,.413,.751,121,116,3,0,4,3,3,7
1976,twitcwa01,Wayne Twitchell,28,PHI,NL,26,6,6,1,1,1,0,0,0,0,0,0,4,.167,.167,.333,.500,38,2,0,0,0,0,0,1
1976,tyronwa01,Wayne Tyrone,25,CHC,NL,30,62,57,3,13,1,0,1,8,0,0,3,21,.228,.262,.298,.561,54,17,0,0,1,1,2,/7359
1976,tysonmi01,Mike Tyson,26,STL,NL,76,264,245,26,70,12,9,3,28,3,1,16,34,.286,.326,.445,.771,117,109,6,0,0,3,5,4
1976,underto01,Tom Underwood,22,PHI,NL,34,52,46,2,5,0,0,0,5,0,0,3,18,.109,.163,.109,.272,-22,5,3,0,3,0,0,1
1976,unserde01,Del Unser,31,TOT,NL,146,543,496,57,113,19,4,12,40,7,7,29,84,.228,.269,.355,.624,78,176,7,1,11,6,2,*897
1976,unserde01,Del Unser,31,NYM,NL,77,303,276,28,63,13,2,5,25,4,4,18,40,.228,.275,.344,.619,81,95,4,1,5,3,1,8/7
1976,unserde01,Del Unser,31,MON,NL,69,240,220,29,50,6,2,7,15,3,3,11,44,.227,.261,.368,.629,74,81,3,0,6,3,1,978
1976,vailmi01,Mike Vail,24,NYM,NL,53,152,143,8,31,5,1,0,9,0,1,6,19,.217,.243,.266,.509,49,38,4,0,0,3,0,9/7
1976,valenbo02,Bobby Valentine,26,SDP,NL,15,57,49,3,18,4,0,0,4,0,1,6,2,.367,.436,.449,.885,162,22,2,0,2,0,0,/793
1976,valenel01,Ellis Valentine,21,MON,NL,94,341,305,36,85,15,2,7,39,14,1,30,51,.279,.339,.410,.749,108,125,5,0,2,4,0,89/7
1976,varnepe01,Pete Varney,27,TOT,MLB,19,53,51,5,11,2,0,3,5,0,0,2,11,.216,.245,.431,.677,93,22,3,0,0,0,0,2
1976,varnepe01,Pete Varney,27,CHW,AL,14,43,41,5,10,2,0,3,5,0,0,2,9,.244,.279,.512,.791,128,21,2,0,0,0,0,2
1976,varnepe01,Pete Varney,27,ATL,NL,5,10,10,0,1,0,0,0,0,0,0,0,2,.100,.100,.100,.200,-44,1,1,0,0,0,0,/2
1976,velezot01,Otto Velez,25,NYY,AL,49,117,94,11,25,6,0,2,10,0,0,23,26,.266,.410,.394,.804,138,37,1,0,0,0,1,9/37D5
1976,verhojo01,John Verhoeven,23,CAL,AL,1,0,0,0,0,0,0,0,0,0,0,0,0,,,,,,0,0,0,0,0,0,1
1976,veryzto01,Tom Veryzer,23,DET,AL,97,390,354,31,83,8,2,1,25,1,4,21,44,.234,.286,.277,.563,64,98,11,6,6,3,1,6
1976,vukovjo01,John Vukovich,28,PHI,NL,4,8,8,2,1,0,0,1,2,0,0,0,2,.125,.125,.500,.625,69,4,0,0,0,0,0,/53
1976,wagnema01,Mark Wagner,22,DET,AL,39,124,115,9,30,2,3,0,12,0,2,6,18,.261,.298,.330,.628,82,38,1,0,3,0,0,6
1976,waitsri01,Rick Waits,24,CLE,AL,10,0,0,4,0,0,0,0,0,0,1,0,0,,,,,,0,0,0,0,0,0,1/D
1976,walketo02,Tom Walker,27,STL,NL,10,5,5,0,2,0,0,0,0,0,0,0,0,.400,.400,.400,.800,127,2,0,0,0,0,0,1
1976,wallst01,Stan Wall,25,LAD,NL,31,4,4,0,0,0,0,0,0,0,0,0,1,.000,.000,.000,.000,-100,0,0,0,0,0,0,1
1976,wallami01,Mike Wallace,25,STL,NL,49,3,3,1,1,0,0,0,0,0,0,0,1,.333,.333,.333,.667,90,1,0,0,0,0,0,1
1976,wallide01,Denny Walling,22,OAK,AL,3,11,11,1,3,0,0,0,0,0,0,0,3,.273,.273,.273,.545,64,3,0,0,0,0,0,/78
1976,wallijo01,Joe Wallis,24,CHC,NL,121,377,338,51,86,11,5,5,21,3,9,33,62,.254,.322,.361,.683,88,122,1,1,4,1,3,897
1976,waltoda01,Danny Walton,28,LAD,NL,18,17,15,0,2,0,0,0,2,0,0,1,2,.133,.176,.133,.310,-10,2,0,0,0,1,0,
1976,warthda01,Dan Warthen,23,MON,NL,23,28,27,0,0,0,0,0,0,0,0,0,13,.000,.000,.000,.000,-100,0,0,0,1,0,0,1
1976,washicl01,Claudell Washington,21,OAK,AL,134,530,490,65,126,20,6,5,53,37,20,30,90,.257,.302,.353,.655,96,173,13,3,3,4,1,*98/D
1976,waterst01,Steve Waterbury,24,STL,NL,5,0,0,0,0,0,0,0,0,0,0,0,0,,,,,,0,0,0,0,0,0,/1
1976,wathajo01,John Wathan,26,KCR,AL,27,46,42,5,12,1,0,0,5,0,2,2,5,.286,.333,.310,.643,88,13,1,1,1,0,0,2/3
1976,watsobo01,Bob Watson,30,HOU,NL,157,662,585,76,183,31,3,16,102,3,3,62,64,.313,.377,.458,.835,147,268,12,4,2,9,10,*3
1976,webbha01,Hank Webb,26,NYM,NL,8,2,1,1,0,0,0,0,0,0,0,1,0,.000,.500,.000,.500,56,0,0,0,0,0,0,/1
1976,wehrmda01,Dave Wehrmeister,23,SDP,NL,7,6,6,0,0,0,0,0,0,0,0,0,1,.000,.000,.000,.000,-100,0,0,0,0,0,0,/1
1976,wernedo01,Don Werner,23,CIN,NL,3,5,4,0,2,1,0,0,1,0,0,1,1,.500,.600,.750,1.350,280,3,0,0,0,0,0,/2
1976,whitefr01,Frank White,25,KCR,AL,152,489,446,39,102,17,6,2,46,20,11,19,42,.229,.263,.307,.570,66,137,4,3,18,3,0,*46
1976,whiteje01,Jerry White,23,MON,NL,114,309,278,32,68,11,1,2,21,15,7,27,31,.245,.316,.313,.629,76,87,4,2,2,0,2,87/9
1976,whitero01,Roy White,32,NYY,AL,156,728,626,104,179,29,3,14,65,31,13,83,52,.286,.365,.409,.774,128,256,13,0,10,9,1,*78/9
1976,whitfte01,Terry Whitfield,23,NYY,AL,1,0,0,0,0,0,0,0,0,0,0,0,0,,,,,,0,0,0,0,0,0,/7
1976,whitter01,Ernie Whitt,24,BOS,AL,8,20,18,4,4,2,0,1,3,0,0,2,2,.222,.300,.500,.800,120,9,0,0,0,0,0,/2
1976,willibi01,Billy Williams,38,OAK,AL,120,413,351,36,74,12,0,11,41,4,2,58,44,.211,.320,.339,.659,98,119,4,0,1,3,15,D/7
1976,willich01,Charlie Williams,28,SFG,NL,48,9,8,1,1,0,0,0,0,0,0,0,4,.125,.222,.125,.347,0,1,0,1,0,0,0,1
1976,williea02,Earl Williams,27,TOT,NL,122,415,374,35,84,13,2,17,55,0,0,33,65,.225,.286,.406,.692,91,152,16,1,2,5,4,32
1976,williea02,Earl Williams,27,ATL,NL,61,208,184,18,39,3,0,9,26,0,0,19,33,.212,.286,.375,.661,83,69,8,1,2,2,2,23
1976,williea02,Earl Williams,27,MON,NL,61,207,190,17,45,10,2,8,29,0,0,14,32,.237,.285,.437,.722,99,83,8,0,0,3,2,32
1976,willoji01,Jim Willoughby,27,BOS,AL,1,1,1,0,0,0,0,0,0,0,0,0,0,.000,.000,.000,.000,-100,0,0,0,0,0,0,1
1976,wilsowi02,Willie Wilson,20,KCR,AL,12,6,6,0,1,0,0,0,0,2,1,0,2,.167,.167,.167,.333,-3,1,0,0,0,0,0,/8
1976,winfida01,Dave Winfield,24,SDP,NL,137,567,492,81,139,26,4,13,69,26,7,65,78,.283,.366,.431,.797,135,212,14,3,2,5,8,*98
1976,wockejo01,John Wockenfuss,27,DET,AL,60,163,144,18,32,7,2,3,10,0,3,17,14,.222,.309,.361,.670,94,52,3,1,1,0,0,2
1976,wohlfji01,Jim Wohlford,25,KCR,AL,107,334,293,47,73,10,2,1,24,22,16,29,24,.249,.314,.307,.621,82,90,8,1,6,5,0,79/D84
1976,woodsga01,Gary Woods,22,OAK,AL,6,8,8,0,1,0,0,0,0,0,0,0,3,.125,.125,.125,.250,-25,1,0,0,0,0,0,/8D79
1976,wynegbu01,Butch Wynegar,20,MIN,AL,149,622,534,58,139,21,2,10,69,0,0,79,63,.260,.356,.363,.719,109,194,14,2,4,3,7,*2D
1976,wynnji01,Jim Wynn,34,ATL,NL,148,584,449,75,93,19,1,17,66,16,6,127,111,.207,.377,.367,.744,107,165,7,0,0,8,1,*78
1976,yancyhu01,Hugh Yancy,25,CHW,AL,3,10,10,0,1,1,0,0,0,0,0,0,3,.100,.100,.200,.300,-14,2,0,0,0,0,0,/4
1976,yastrca01,Carl Yastrzemski,36,BOS,AL,155,636,546,71,146,23,2,21,102,5,6,80,67,.267,.357,.432,.790,120,236,12,1,1,8,6,37D
1976,yeagest01,Steve Yeager,27,LAD,NL,117,399,359,42,77,11,3,11,35,3,1,30,84,.214,.286,.354,.640,83,127,5,7,1,2,3,*2
1976,youngjo02,Joel Youngblood,24,CIN,NL,55,60,57,8,11,1,1,0,1,1,0,2,8,.193,.233,.246,.479,35,14,1,1,0,0,0,/587942
1976,yountro01,Robin Yount,20,MIL,AL,161,690,638,59,161,19,3,2,54,16,11,38,69,.252,.292,.301,.593,76,192,13,0,8,6,3,*6/
1976,zachrpa01,Pat Zachry,24,CIN,NL,38,77,62,1,7,0,0,0,2,0,0,3,25,.113,.154,.113,.267,-24,7,0,0,12,0,0,1
1976,zahnge01,Geoff Zahn,30,CHC,NL,3,3,3,0,0,0,0,0,0,0,0,0,0,.000,.000,.000,.000,-100,0,0,0,0,0,0,/1
1976,zamoros01,Oscar Zamora,31,CHC,NL,40,9,9,0,0,0,0,0,0,0,0,0,3,.000,.000,.000,.000,-100,0,0,0,0,0,0,1
1976,ziskri01,Richie Zisk,27,PIT,NL,155,641,581,91,168,35,2,21,89,1,0,52,96,.289,.343,.465,.808,128,270,20,0,0,8,3,*7
